,Rk,Name,Age,Tm,IP,G,GS,R,RA9,RA9opp,RA9def,RA9role,PPFp,RA9avg,RAA,WAA,gmLI,WAAadj,WAR,RAR,waaWL%,162WL%,Salary,Acquired
0,1,Fernando Abad*,31,BOS,43.2,48,0,18,3.71,4.79,0.44,-0.33,105.1,4.23,2,0.2,.68,-0.2,0.5,7,.505,.501,"$2,000,000",Traded
1,2,Austin Adams,26,WSN,5.0,6,0,4,7.20,4.87,-0.10,-0.34,103.8,4.81,-1,-0.1,.06,0.1,0.0,-1,.478,.499,,Traded
2,3,Tim Adleman,29,CIN,122.1,30,20,79,5.81,4.71,0.13,0.13,102.5,4.82,-14,-1.4,1.04,-0.1,-0.4,-2,.455,.492,,Free Agency
3,4,Andrew Albers*,31,SEA,41.0,9,6,22,4.83,4.76,0.09,0.08,97.8,4.64,-1,-0.1,.99,0.0,0.2,3,.487,.499,,Purchased
4,5,Matt Albers,34,WSN,61.0,63,0,12,1.77,4.70,-0.12,-0.33,102.2,4.59,19,2.0,1.10,-0.1,2.5,25,.531,.512,"$1,150,000",Free Agency
5,6,Al Alburquerque,31,2TM,18.0,21,0,5,2.50,4.81,-0.13,-0.34,100.5,4.63,4,0.4,.63,-0.1,0.5,6,.520,.501,,Free Agency
6,7,Raul Alcantara,24,OAK,24.0,8,4,21,7.88,4.80,-0.30,-0.04,102.8,5.20,-7,-0.7,.12,0.1,-0.4,-5,.414,.496,"$535,000",Traded
7,8,Sandy Alcantara,21,STL,8.1,8,0,6,6.48,4.62,0.11,-0.32,96.1,4.02,-2,-0.2,.16,0.1,-0.1,-2,.471,.499,,Amateur Free Agent
8,9,Victor Alcantara,24,DET,7.1,6,0,7,8.59,4.91,-0.43,-0.34,103.8,5.18,-3,-0.3,.19,0.1,-0.1,-2,.454,.498,,Traded
9,10,Scott Alexander*,27,KCR,69.0,58,0,23,3.00,4.80,-0.20,-0.33,102.0,4.75,13,1.3,1.60,0.2,2.2,21,.523,.508,,Amateur Draft
10,11,Cody Allen,28,CLE,67.1,69,0,24,3.21,4.76,0.18,-0.33,105.5,4.48,9,0.9,1.63,0.1,1.7,16,.513,.506,"$7,350,000",Amateur Draft
11,12,Miguel Almonte,24,KCR,2.0,2,0,3,13.50,5.11,-0.35,-0.36,106.7,5.45,-2,-0.2,.32,0.1,-0.1,-2,.415,.499,,Amateur Free Agent
12,13,Dan Altavilla,24,SEA,46.2,41,0,27,5.21,4.99,0.08,-0.35,95.4,4.35,-5,-0.5,.73,-0.1,-0.1,0,.488,.497,"$536,100",Amateur Draft
13,14,Jose Alvarado*,22,TBR,29.2,35,0,12,3.64,4.91,0.37,-0.34,97.7,4.10,1,0.1,1.21,-0.1,0.4,5,.504,.501,,Amateur Free Agent
14,15,Dario Alvarez*,28,TEX,16.1,20,0,8,4.41,4.98,-0.04,-0.35,107.7,5.03,1,0.1,1.23,0.0,0.2,3,.505,.501,"$538,790",Traded
15,16,Henderson Alvarez III,27,PHI,14.2,3,3,7,4.30,4.71,-0.37,0.20,98.7,5.21,1,0.2,,0.0,0.3,3,.550,.501,,Free Agency
16,17,Jose Alvarez*,28,LAA,48.2,64,0,23,4.25,4.95,0.22,-0.35,95.3,4.17,-1,-0.1,1.18,-0.2,0.3,5,.499,.499,"$557,500",Traded
17,18,Brett Anderson*,29,2TM,55.1,13,13,41,6.67,4.74,0.05,0.20,102.3,5.00,-11,-0.9,,0.0,-0.4,-5,.429,.497,"$3,500,000",Free Agency
18,19,Chase Anderson,29,MIL,141.1,25,25,47,2.99,4.59,0.09,0.19,101.7,4.77,27,3.0,,-0.1,4.2,41,.620,.519,"$2,450,000",Traded
19,20,Drew Anderson,23,PHI,2.1,2,0,7,27.00,4.81,-0.50,-0.34,96.6,4.81,-6,-0.5,.16,0.2,-0.3,-6,.273,.497,,Amateur Draft
20,21,Tyler Anderson*,27,COL,86.0,17,15,48,5.02,4.70,-0.03,0.17,115.5,5.66,6,0.6,.84,-0.1,1.3,14,.535,.504,"$540,000",Amateur Draft
21,22,Matt Andriese,27,TBR,86.0,18,17,48,5.02,4.79,0.40,0.17,97.9,4.47,-6,-0.6,.09,-0.1,0.2,4,.467,.496,"$547,500",Traded
22,23,Nori Aoki,35,HOU,1.0,1,0,3,27.00,5.17,-0.12,-0.36,86.0,4.23,-3,-0.2,.01,0.1,-0.1,-2,.294,.499,"$5,500,000",Waivers
23,24,Jayson Aquino*,24,BAL,13.1,4,2,12,8.10,4.67,-0.16,0.12,101.1,5.01,-5,-0.4,1.16,0.0,-0.3,-3,.393,.497,,Free Agency
24,25,Victor Arano,22,PHI,10.2,10,0,2,1.69,5.10,-0.25,-0.36,98.0,4.89,4,0.4,.97,0.0,0.5,5,.539,.502,,Traded
25,Rk,Name,Age,Tm,IP,G,GS,R,RA9,RA9opp,RA9def,RA9role,PPFp,RA9avg,RAA,WAA,gmLI,WAAadj,WAR,RAR,waaWL%,162WL%,Salary,Acquired
26,26,Chris Archer,28,TBR,201.0,34,34,101,4.52,4.74,0.34,0.20,97.0,4.46,-3,-0.3,,-0.1,1.5,19,.491,.498,"$4,916,666",Traded
27,27,Shawn Armstrong,26,CLE,24.2,21,0,12,4.38,4.65,0.22,-0.32,107.0,4.39,0,0.0,.16,-0.1,0.2,3,.499,.500,"$535,700",Amateur Draft
28,28,Jake Arrieta,31,CHC,168.1,30,30,82,4.38,4.63,0.16,0.20,101.2,4.72,6,0.6,,-0.1,2.0,22,.520,.504,"$15,637,500",Traded
29,29,Bronson Arroyo,40,CIN,71.0,14,14,59,7.48,4.56,0.16,0.19,101.9,4.68,-22,-2.0,,0.0,-1.4,-16,.359,.488,"$535,000",Free Agency
30,30,Alec Asher,25,BAL,60.0,24,6,36,5.40,4.63,-0.16,-0.08,100.0,4.71,-5,-0.5,.78,-0.1,0.0,2,.479,.497,,Traded
31,31,Barrett Astin,25,CIN,8.0,6,0,6,6.75,4.41,0.17,-0.31,101.7,4.01,-2,-0.2,.36,0.1,-0.1,-2,.460,.499,"$535,000",Traded
32,32,Luis Avilan*,27,LAD,46.0,61,0,16,3.13,4.67,0.42,-0.33,95.6,3.75,3,0.3,1.02,-0.1,0.6,7,.505,.502,"$1,500,000",Traded
33,33,John Axford,34,OAK,21.0,22,0,16,6.86,5.14,-0.30,-0.36,92.1,4.67,-5,-0.5,.69,0.0,-0.3,-3,.476,.497,"$5,500,000",Free Agency
34,34,Erick Aybar,33,SDP,1.1,2,0,0,0.00,4.77,-0.01,-0.33,110.5,4.92,1,0.1,.00,0.0,0.1,1,.538,.500,"$1,750,000",Free Agency
35,35,Pedro Baez,29,LAD,64.0,66,0,24,3.38,4.57,0.47,-0.32,97.1,3.67,2,0.2,1.21,-0.1,0.6,8,.503,.501,"$550,000",Amateur Free Agent
36,36,Andrew Bailey,33,LAA,4.0,4,0,0,0.00,4.89,0.20,-0.34,96.8,4.21,2,0.2,.25,-0.1,0.2,2,.548,.501,"$1,000,000",Free Agency
37,37,Homer Bailey,31,CIN,91.0,18,18,67,6.63,4.77,0.15,0.19,105.8,5.10,-16,-1.5,,-0.1,-0.8,-7,.417,.491,"$19,000,000",Amateur Draft
38,38,Anthony Banda*,23,ARI,25.2,8,4,17,5.96,4.66,0.09,0.08,110.3,5.12,-2,-0.2,.56,0.0,0.0,0,.469,.498,,Traded
39,39,Johnny Barbato,24,PIT,28.2,24,0,13,4.08,4.88,0.00,-0.34,96.7,4.39,1,0.1,.46,-0.1,0.3,4,.504,.501,,Traded
40,40,Danny Barnes,27,TOR,66.0,60,0,26,3.55,4.85,-0.04,-0.34,101.8,4.64,7,0.8,1.17,-0.1,1.3,15,.513,.505,,Amateur Draft
41,41,Jacob Barnes,27,MIL,72.0,73,0,35,4.38,4.72,0.08,-0.33,101.4,4.37,0,0.0,1.33,-0.2,0.4,7,.500,.500,"$537,700",Amateur Draft
42,42,Matt Barnes,27,BOS,69.2,70,0,31,4.00,4.84,0.37,-0.34,103.7,4.29,2,0.2,1.19,-0.2,0.7,9,.502,.501,"$563,500",Amateur Draft
43,43,Tony Barnette,33,TEX,57.1,50,0,36,5.65,4.88,-0.04,-0.34,107.1,4.90,-5,-0.5,1.11,-0.2,-0.2,1,.489,.497,"$1,750,000",Free Agency
44,44,Kyle Barraclough,27,MIA,66.0,66,0,25,3.41,4.67,0.07,-0.33,90.9,3.88,3,0.3,1.21,-0.1,0.8,10,.505,.502,"$536,500",Traded
45,45,Jake Barrett,25,ARI,27.0,28,0,18,6.00,4.59,0.09,-0.32,110.1,4.60,-4,-0.4,.78,0.0,-0.2,-2,.485,.497,"$548,300",Amateur Draft
46,46,Anthony Bass,29,TEX,5.2,2,0,9,14.29,5.51,-0.06,-0.38,105.7,5.49,-6,-0.4,.48,0.1,-0.3,-5,.278,.497,,Free Agency
47,47,Antonio Bastardo*,31,PIT,9.0,9,0,15,15.00,4.84,0.00,-0.34,97.5,4.39,-11,-1.0,.64,0.2,-0.7,-10,.391,.494,"$6,625,000",Traded
48,48,Trevor Bauer,26,CLE,176.1,32,31,84,4.29,4.83,0.20,0.20,106.0,5.13,15,1.6,1.11,-0.1,3.2,35,.549,.510,"$3,550,000",Traded
49,49,Buddy Baumann*,29,SDP,17.2,23,0,5,2.55,4.91,-0.01,-0.34,95.6,4.37,4,0.4,1.23,0.0,0.5,5,.516,.502,"$535,700",Free Agency
50,50,Pedro Beato,30,PHI,0.2,1,0,0,0.00,4.55,-0.14,-0.32,98.0,4.28,0,0.0,.48,0.0,0.0,0,.533,.500,,Free Agency
51,Rk,Name,Age,Tm,IP,G,GS,R,RA9,RA9opp,RA9def,RA9role,PPFp,RA9avg,RAA,WAA,gmLI,WAAadj,WAR,RAR,waaWL%,162WL%,Salary,Acquired
52,51,Chris Beck,26,CHW,64.2,57,0,48,6.68,4.87,-0.08,-0.34,100.7,4.65,-15,-1.5,.62,0.1,-0.7,-8,.474,.491,,Amateur Draft
53,52,Cam Bedrosian,25,LAA,44.2,48,0,26,5.24,4.99,0.20,-0.35,97.2,4.32,-5,-0.5,1.38,-0.2,-0.3,0,.490,.497,"$555,000",Amateur Draft
54,53,Matt Belisle,37,MIN,60.1,62,0,31,4.62,4.69,0.14,-0.33,101.8,4.30,-3,-0.3,1.46,-0.2,0.1,4,.496,.498,"$2,050,000",Free Agency
55,54,Jeff Beliveau*,30,TOR,15.2,19,0,14,8.04,5.12,-0.05,-0.36,105.9,5.09,-5,-0.5,.66,0.0,-0.3,-4,.473,.497,,Free Agency
56,55,Chad Bell*,28,DET,62.1,28,4,49,7.07,4.77,-0.36,-0.20,103.9,5.12,-14,-1.4,.43,0.1,-0.6,-7,.451,.492,,Traded
57,56,Joaquin Benoit,39,2TM,50.1,52,0,28,5.01,4.78,-0.24,-0.33,98.7,4.62,-2,-0.2,1.26,-0.2,0.0,2,.496,.501,"$7,500,000",Free Agency
58,57,Christian Bergman,29,SEA,54.0,13,8,31,5.17,4.70,0.10,0.09,99.1,4.66,-4,-0.3,1.11,-0.1,0.1,3,.473,.498,,Free Agency
59,58,Jose Berrios,23,MIN,145.2,26,25,71,4.39,4.72,0.14,0.20,100.6,4.80,5,0.6,1.13,-0.1,1.9,22,.521,.503,,Amateur Draft
60,59,Dellin Betances,29,NYY,59.2,66,0,20,3.02,4.73,0.06,-0.33,102.4,4.45,9,0.9,1.34,0.0,1.5,16,.514,.506,"$3,000,000",Amateur Draft
61,60,Christian Bethancourt,25,SDP,3.2,4,0,9,22.09,4.84,-0.03,-0.34,92.7,4.20,-7,-0.6,.13,0.3,-0.3,-7,.341,.496,"$541,800",Traded
62,61,Chad Bettis,28,COL,46.1,9,9,27,5.24,4.57,-0.04,0.19,119.0,5.71,2,0.2,,0.0,0.6,7,.525,.501,"$545,000",Amateur Draft
63,62,Joe Biagini,27,TOR,119.2,44,18,78,5.87,4.82,-0.05,0.06,102.7,5.07,-12,-1.1,1.69,-0.3,-0.2,2,.474,.493,"$543,000",Rule 5 Draft
64,63,Austin Bibens-Dirkx,32,TEX,69.1,24,6,36,4.67,4.82,-0.04,-0.04,109.5,5.28,4,0.4,.73,-0.1,1.0,12,.518,.503,,Free Agency
65,64,Ty Blach*,26,SFG,163.2,34,24,91,5.00,4.65,-0.34,0.16,99.9,5.14,2,0.2,.83,-0.1,1.5,18,.506,.501,"$536,500",Amateur Draft
66,65,Paul Blackburn,23,OAK,58.2,10,10,22,3.38,4.66,-0.31,0.20,92.3,4.76,9,0.9,,0.0,1.5,15,.592,.506,,Traded
67,66,Aaron Blair,25,ATL,3.0,1,1,5,15.00,4.77,-0.23,0.20,116.0,6.03,-3,-0.2,,0.0,-0.2,-3,.266,.499,,Traded
68,67,Andres Blanco,33,PHI,0.1,1,0,1,27.00,4.54,-0.70,-0.32,100.0,4.91,-1,-0.1,.00,0.0,0.0,-1,.422,.500,"$3,000,000",Free Agency
69,68,Joe Blanton,36,WSN,44.1,51,0,29,5.89,4.82,-0.16,-0.34,102.7,4.76,-6,-0.6,.78,0.0,-0.2,-1,.489,.496,"$4,000,000",Free Agency
70,69,Michael Blazek,28,MIL,8.2,5,1,9,9.35,4.76,0.11,-0.19,102.3,4.56,-5,-0.4,.72,0.0,-0.3,-4,.413,.497,,Traded
71,70,Richard Bleier*,30,BAL,63.1,57,0,23,3.27,4.92,-0.18,-0.31,100.2,4.80,10,1.0,.76,-0.3,1.4,17,.518,.506,,Traded
72,71,Jerry Blevins*,33,NYM,49.0,75,0,16,2.94,4.80,-0.30,-0.34,94.7,4.51,8,0.9,1.46,0.1,1.4,13,.511,.505,"$5,500,000",Free Agency
73,72,Mike Bolsinger,29,TOR,41.1,11,5,32,6.97,4.93,-0.05,0.12,102.7,5.24,-8,-0.8,.85,0.0,-0.4,-4,.429,.495,,Traded
74,73,Lisalverto Bonilla,27,CIN,36.2,10,4,33,8.10,4.60,0.14,0.09,103.6,4.71,-14,-1.3,.33,0.0,-0.9,-10,.374,.492,,Waivers
75,74,Buddy Boshers*,29,MIN,35.0,38,0,20,5.14,4.91,0.16,-0.34,100.5,4.43,-3,-0.3,.84,-0.1,0.0,1,.492,.498,,Free Agency
76,75,Matt Bowman,26,STL,58.2,75,0,29,4.45,4.74,0.12,-0.33,98.8,4.23,-2,-0.2,1.55,-0.2,0.2,4,.498,.499,"$546,600",Rule 5 Draft
77,Rk,Name,Age,Tm,IP,G,GS,R,RA9,RA9opp,RA9def,RA9role,PPFp,RA9avg,RAA,WAA,gmLI,WAAadj,WAR,RAR,waaWL%,162WL%,Salary,Acquired
78,76,Brad Boxberger,29,TBR,29.1,30,0,11,3.38,4.92,0.30,-0.34,95.0,4.06,2,0.2,1.28,-0.1,0.4,5,.507,.501,"$1,600,000",Traded
79,77,Matthew Boyd*,26,DET,135.0,26,25,84,5.60,4.90,-0.36,0.20,103.3,5.64,0,0.0,.29,-0.1,1.2,15,.498,.500,"$544,200",Traded
80,78,Blaine Boyer,35,BOS,41.1,32,0,20,4.35,4.76,0.46,-0.33,105.5,4.19,-1,-0.1,.68,-0.1,0.2,3,.497,.499,,Free Agency
81,79,Brad Brach,31,BAL,68.0,67,0,27,3.57,4.66,-0.13,-0.33,99.4,4.44,6,0.6,1.45,-0.1,1.2,14,.509,.504,"$3,050,000",Traded
82,80,Silvino Bracho,24,ARI,20.2,21,0,14,6.10,4.67,0.08,-0.33,111.6,4.75,-3,-0.3,.42,0.0,-0.1,-1,.485,.498,,Amateur Free Agent
83,81,Chasen Bradford,27,NYM,33.2,28,0,17,4.54,4.88,-0.38,-0.34,95.8,4.71,0,0.0,.77,-0.1,0.3,4,.502,.500,,Amateur Draft
84,82,Archie Bradley,24,ARI,73.0,63,0,14,1.73,4.65,0.08,-0.33,108.1,4.59,23,2.4,1.54,0.5,3.5,30,.538,.515,"$544,100",Amateur Draft
85,83,Michael Brady,30,OAK,31.2,16,0,22,6.25,4.92,-0.29,-0.25,91.7,4.55,-6,-0.6,.23,0.1,-0.2,-3,.462,.496,,Free Agency
86,84,Rob Brantly,27,CHW,1.0,1,0,1,9.00,5.04,-0.10,-0.35,96.0,4.60,0,0.0,.00,0.0,0.0,0,.452,.500,,Free Agency
87,85,Steven Brault*,25,PIT,34.2,11,4,21,5.45,4.71,0.00,-0.05,99.8,4.65,-3,-0.3,.37,0.0,0.0,0,.471,.498,,Traded
88,86,John Brebbia,27,STL,51.2,50,0,15,2.61,4.66,0.11,-0.33,96.9,4.09,8,0.9,.78,-0.2,1.1,13,.517,.505,,Rule 5 Draft
89,87,Craig Breslow*,36,2TM,35.1,37,0,21,5.35,4.80,0.18,-0.34,102.7,4.41,-4,-0.4,.54,0.0,0.0,0,.489,.498,"$1,250,000",Free Agency
90,88,Austin Brice,25,CIN,32.2,22,0,18,4.96,4.55,0.14,-0.32,101.8,4.17,-3,-0.3,.68,0.0,0.0,0,.487,.498,"$535,000",Traded
91,89,Parker Bridwell,25,LAA,121.0,21,20,52,3.87,4.84,0.24,0.19,96.0,4.60,9,0.9,2.46,-0.1,2.0,22,.543,.506,,Traded
92,90,Zack Britton*,29,BAL,37.1,38,0,12,2.89,4.66,-0.16,-0.33,99.7,4.48,6,0.6,1.39,0.0,1.0,10,.517,.504,"$11,400,000",Amateur Draft
93,91,Rex Brothers*,29,ATL,23.2,27,0,19,7.23,5.02,-0.15,-0.35,99.7,4.81,-6,-0.6,.80,0.0,-0.4,-4,.476,.496,,Free Agency
94,92,Jonathan Broxton,33,STL,15.2,20,0,12,6.89,4.90,0.13,-0.34,96.7,4.28,-5,-0.5,.74,0.0,-0.3,-3,.477,.497,"$3,750,000",Traded
95,93,Jake Buchanan,27,CIN,14.1,5,0,13,8.16,4.57,0.19,-0.32,101.3,4.11,-7,-0.6,.27,0.2,-0.3,-5,.382,.496,,Waivers
96,94,Clay Buchholz,32,PHI,7.1,2,2,10,12.27,4.77,-0.47,0.20,102.8,5.60,-5,-0.4,,0.0,-0.4,-5,.281,.497,"$13,500,000",Traded
97,95,Ryan Buchter*,30,2TM,65.1,71,0,25,3.44,4.73,-0.09,-0.33,101.3,4.56,8,0.8,1.03,-0.2,1.2,14,.511,.502,"$544,700",Traded
98,96,Walker Buehler,22,LAD,9.1,8,0,8,7.71,4.48,0.42,-0.31,106.6,3.99,-4,-0.4,.53,0.1,-0.2,-3,.453,.498,,Amateur Draft
99,97,Madison Bumgarner*,27,SFG,111.0,17,17,41,3.32,4.63,-0.28,0.20,97.1,4.96,20,2.2,,-0.1,3.1,30,.627,.513,"$11,500,000",Amateur Draft
100,98,Aaron Bummer*,23,CHW,22.0,30,0,11,4.50,4.96,-0.07,-0.35,99.2,4.64,0,0.0,1.52,-0.1,0.2,3,.501,.500,,Amateur Draft
101,99,Dylan Bundy,24,BAL,169.2,28,28,82,4.35,4.70,-0.15,0.20,99.3,5.01,11,1.2,,-0.1,2.7,30,.541,.507,,Amateur Draft
102,100,Alan Busenitz,26,MIN,31.2,28,0,9,2.56,4.65,0.14,-0.32,102.2,4.28,6,0.6,.88,-0.1,0.8,9,.521,.504,,Traded
103,Rk,Name,Age,Tm,IP,G,GS,R,RA9,RA9opp,RA9def,RA9role,PPFp,RA9avg,RAA,WAA,gmLI,WAAadj,WAR,RAR,waaWL%,162WL%,Salary,Acquired
104,101,Matt Bush,31,TEX,52.1,57,0,30,5.16,4.91,-0.04,-0.34,111.0,5.11,-1,-0.1,1.35,-0.2,0.3,5,.499,.500,"$544,920",Free Agency
105,102,Eddie Butler,26,CHC,54.2,13,11,24,3.95,4.55,0.18,0.16,100.4,4.55,3,0.4,.01,-0.1,0.8,9,.527,.502,,Traded
106,103,Trevor Cahill,29,2TM,84.0,21,14,50,5.36,4.67,-0.08,0.12,99.6,4.85,-5,-0.5,.52,0.0,0.3,3,.478,.499,"$1,750,000",Traded
107,104,Matt Cain,32,SFG,124.1,27,23,85,6.15,4.67,-0.34,0.18,98.4,5.10,-15,-1.4,.61,-0.1,-0.4,-3,.446,.491,"$21,000,000",Amateur Draft
108,105,Jamie Callahan,22,NYM,6.2,9,0,4,5.40,4.87,-0.45,-0.34,90.5,4.50,-1,-0.1,1.03,0.0,0.0,0,.492,.500,,Traded
109,106,Leonel Campos,29,TOR,13.2,13,0,6,3.95,5.00,-0.04,-0.35,103.7,4.87,1,0.1,.32,-0.1,0.2,3,.510,.501,,Waivers
110,107,Carter Capps,26,SDP,12.1,11,0,9,6.57,4.77,-0.02,-0.33,97.9,4.36,-3,-0.3,.33,0.1,-0.1,-2,.472,.498,"$987,500",Traded
111,108,Shane Carle,25,COL,4.0,3,0,3,6.75,4.20,-0.04,-0.29,121.1,4.78,-1,-0.1,.02,0.0,0.0,-1,.471,.499,,Traded
112,109,Carlos Carrasco,30,CLE,200.0,32,32,73,3.29,4.67,0.18,0.20,104.1,4.88,34,3.7,,-0.1,5.5,56,.614,.523,"$6,500,000",Traded
113,110,Andrew Cashner,30,TEX,166.2,28,28,75,4.05,4.99,-0.04,0.21,107.8,5.65,28,3.1,,-0.1,4.6,47,.609,.519,"$10,000,000",Free Agency
114,111,Santiago Casilla,36,OAK,59.0,63,0,29,4.42,4.83,-0.27,-0.34,94.7,4.51,0,0.0,1.30,-0.2,0.4,7,.500,.500,"$5,000,000",Free Agency
115,112,Fabio Castillo,28,LAD,1.1,2,0,2,13.50,5.06,0.61,-0.36,94.0,3.85,-1,-0.1,.78,0.0,-0.1,-1,.431,.499,,Free Agency
116,113,Luis Castillo,24,CIN,89.1,15,15,32,3.22,4.73,0.11,0.20,105.8,5.10,18,2.0,,-0.1,2.7,27,.634,.512,,Traded
117,114,Miguel Castro,22,BAL,66.1,39,1,29,3.93,4.76,-0.16,-0.26,98.1,4.57,4,0.4,.97,-0.2,0.9,12,.511,.503,,Traded
118,115,Simon Castro,29,OAK,37.0,26,0,20,4.86,4.73,-0.25,-0.33,94.9,4.41,-2,-0.2,.74,-0.1,0.1,2,.492,.499,,Free Agency
119,116,Brett Cecil*,30,STL,67.1,73,0,31,4.14,4.75,0.12,-0.33,97.5,4.19,0,0.0,1.21,-0.2,0.5,7,.500,.500,"$7,750,000",Free Agency
120,117,Xavier Cedeno*,30,TBR,3.0,9,0,5,15.00,5.56,0.74,-0.39,102.2,4.53,-4,-0.3,2.51,-0.3,-0.6,-3,.462,.498,"$1,300,000",Purchased
121,118,Hunter Cervenka*,27,MIA,4.2,5,0,8,15.43,4.92,0.04,-0.35,98.3,4.45,-6,-0.5,.68,0.1,-0.4,-5,.395,.497,,Traded
122,119,Luis Cessa,25,NYY,36.0,10,5,21,5.25,4.67,0.10,-0.01,102.3,4.66,-3,-0.3,.41,0.0,0.1,1,.474,.498,,Traded
123,120,Alejandro Chacin,24,CIN,6.0,6,0,7,10.50,4.80,0.16,-0.34,100.0,4.30,-4,-0.4,.12,0.2,-0.2,-4,.434,.498,,Amateur Free Agent
124,121,Jhoulys Chacin,29,SDP,180.1,32,32,82,4.09,4.61,-0.02,0.20,97.7,4.71,12,1.2,,-0.1,2.7,29,.538,.508,"$1,750,000",Free Agency
125,122,Andrew Chafin*,27,ARI,51.1,71,0,21,3.68,4.75,0.08,-0.33,109.2,4.73,6,0.6,1.09,-0.1,1.0,11,.508,.504,"$559,300",Amateur Draft
126,123,Aroldis Chapman*,29,NYY,50.1,52,0,20,3.58,4.73,0.08,-0.33,103.6,4.48,5,0.5,1.55,0.0,1.0,10,.509,.503,"$17,200,000",Free Agency
127,124,Tyler Chatwood,27,COL,147.2,33,25,79,4.81,4.52,-0.03,0.15,115.0,5.40,9,0.9,.89,-0.1,2.1,23,.529,.506,"$4,400,000",Traded
128,125,Jesse Chavez,33,LAA,138.0,38,21,83,5.41,4.86,0.23,0.11,96.6,4.58,-14,-1.4,.87,-0.1,-0.1,2,.464,.492,"$5,750,000",Free Agency
129,Rk,Name,Age,Tm,IP,G,GS,R,RA9,RA9opp,RA9def,RA9role,PPFp,RA9avg,RAA,WAA,gmLI,WAAadj,WAR,RAR,waaWL%,162WL%,Salary,Acquired
130,126,Wei-Yin Chen*,31,MIA,33.0,9,5,14,3.82,4.67,0.08,0.10,90.6,4.25,1,0.1,.13,0.0,0.4,5,.517,.501,"$15,500,000",Free Agency
131,127,Tony Cingrani*,27,2TM,42.2,47,0,22,4.64,4.64,0.23,-0.32,101.9,4.16,-2,-0.2,.84,-0.1,0.1,2,.495,.499,"$1,825,000",Amateur Draft
132,128,Steve Cishek,31,2TM,44.2,49,0,10,2.01,4.83,0.21,-0.34,94.7,4.06,10,1.0,1.38,0.0,1.5,15,.520,.503,"$6,000,000",Free Agency
133,129,Preston Claiborne,29,TEX,2.0,1,0,3,13.50,5.04,-0.05,-0.35,108.0,5.11,-2,-0.2,.24,0.1,-0.1,-2,.338,.499,,Free Agency
134,130,Alex Claudio*,25,TEX,82.2,70,1,26,2.83,4.88,-0.04,-0.31,108.1,4.97,19,2.0,1.33,0.1,2.9,28,.528,.512,"$545,050",Amateur Draft
135,131,Mike Clevinger,26,CLE,121.2,27,21,46,3.40,4.71,0.18,0.17,104.6,4.92,19,2.1,.74,-0.1,3.2,33,.577,.513,,Traded
136,132,Tyler Clippard,32,3TM,60.1,67,0,33,4.92,4.79,0.03,-0.33,99.7,4.41,-4,-0.4,1.27,-0.1,0.1,3,.494,.498,"$6,150,000",Traded
137,133,Tyler Cloyd,30,SEA,1.0,1,0,0,0.00,4.18,0.09,-0.29,90.0,3.42,0,0.0,.99,0.0,0.1,0,.539,.500,,Free Agency
138,134,Alex Cobb,29,TBR,179.1,29,29,78,3.91,4.80,0.41,0.21,96.2,4.43,9,0.9,,-0.1,2.5,29,.531,.506,"$4,200,000",Amateur Draft
139,135,A.J. Cole,25,WSN,52.0,11,8,23,3.98,4.75,-0.15,0.12,99.0,4.97,6,0.6,.79,-0.1,1.0,10,.553,.504,,Traded
140,136,Gerrit Cole,26,PIT,203.0,33,33,98,4.34,4.66,0.00,0.20,98.9,4.81,10,1.0,,-0.1,2.7,29,.530,.506,"$3,750,000",Amateur Draft
141,137,Taylor Cole,27,TOR,1.0,1,0,4,36.00,5.17,-0.12,-0.36,104.0,5.12,-3,-0.3,1.28,0.0,-0.3,-3,.243,.498,,Free Agency
142,138,Josh Collmenter,31,ATL,17.0,11,0,19,10.06,4.54,-0.23,-0.32,100.0,4.45,-11,-1.0,.75,0.1,-0.8,-9,.409,.494,"$1,200,000",Purchased
143,139,Alex Colome,28,TBR,66.2,65,0,27,3.65,4.87,0.38,-0.34,96.0,3.98,2,0.2,1.86,-0.1,0.8,9,.503,.501,"$547,900",Amateur Free Agent
144,140,Bartolo Colon,44,2TM,143.0,28,28,112,7.05,4.67,0.00,0.20,98.4,4.79,-37,-3.1,,-0.1,-1.8,-22,.389,.491,"$12,500,000",Free Agency
145,141,Adam Conley*,27,MIA,102.2,22,20,74,6.49,4.60,0.09,0.18,93.9,4.40,-24,-2.2,1.31,-0.1,-1.4,-14,.398,.486,"$537,500",Amateur Draft
146,142,Patrick Corbin*,27,ARI,189.2,33,32,97,4.60,4.62,0.10,0.19,108.0,5.09,10,1.0,.86,-0.1,2.5,28,.530,.506,"$3,950,000",Traded
147,143,Jarred Cosart,27,SDP,24.0,7,6,15,5.63,4.72,-0.02,0.19,98.3,4.84,-2,-0.2,.50,0.0,0.0,0,.469,.499,"$566,300",Traded
148,144,Jharel Cotton,25,OAK,129.0,24,24,91,6.35,4.87,-0.28,0.21,92.9,4.98,-21,-2.0,,-0.1,-0.8,-6,.419,.488,"$535,000",Traded
149,145,Danny Coulombe*,27,OAK,51.2,72,0,22,3.83,5.05,-0.27,-0.35,93.6,4.65,4,0.4,.99,-0.2,0.8,10,.506,.503,"$537,500",Purchased
150,146,Dylan Covey,25,CHW,70.0,18,12,60,7.71,4.65,-0.08,0.15,100.6,4.92,-22,-2.0,.44,0.0,-1.4,-15,.387,.487,"$535,000",Rule 5 Draft
151,147,Stefan Crichton,25,BAL,12.1,8,0,11,8.03,4.85,-0.21,-0.34,101.4,4.79,-5,-0.4,.43,0.1,-0.2,-3,.445,.497,,Amateur Draft
152,148,Kyle Crick,24,SFG,32.1,30,0,13,3.62,4.65,-0.26,-0.33,97.4,4.47,3,0.3,.58,-0.1,0.5,6,.510,.502,,Amateur Draft
153,149,Kyle Crockett*,25,CLE,1.2,4,0,2,10.80,5.56,0.29,-0.39,110.5,5.39,-1,-0.1,.22,0.0,-0.1,-1,.475,.499,,Amateur Draft
154,150,Johnny Cueto,31,SFG,147.1,25,25,77,4.70,4.65,-0.29,0.20,100.8,5.18,7,0.8,,-0.1,2.0,21,.530,.505,"$21,833,333",Free Agency
155,Rk,Name,Age,Tm,IP,G,GS,R,RA9,RA9opp,RA9def,RA9role,PPFp,RA9avg,RAA,WAA,gmLI,WAAadj,WAR,RAR,waaWL%,162WL%,Salary,Acquired
156,151,William Cuevas,26,DET,0.1,1,0,4,108.00,5.05,-1.05,-0.35,108.0,6.21,-4,-0.3,.09,0.1,-0.2,-4,.226,.498,,Free Agency
157,152,Zac Curtis*,24,2TM,8.1,6,0,4,4.32,4.54,-0.06,-0.32,108.0,4.60,0,0.0,.42,0.0,0.1,1,.504,.500,,Waivers
158,153,John Curtiss,24,MIN,8.2,9,0,8,8.31,4.68,0.15,-0.33,102.8,4.32,-4,-0.4,.28,0.1,-0.2,-3,.458,.498,,Amateur Draft
159,154,Tyler Danish,22,CHW,5.0,1,1,0,0.00,4.64,-0.06,0.20,96.0,4.69,3,0.3,,0.0,0.3,3,.797,.502,,Amateur Draft
160,155,Yu Darvish,30,2TM,186.2,31,31,83,4.00,4.71,0.09,0.20,105.8,5.12,22,2.4,,-0.1,4.0,42,.576,.510,"$11,000,000",Traded
161,156,Zach Davies,24,MIL,191.1,33,33,90,4.23,4.74,0.11,0.20,100.5,4.86,13,1.3,,-0.1,2.9,31,.540,.508,"$546,200",Traded
162,157,J.D. Davis,24,HOU,1.2,2,0,0,0.00,4.66,-0.05,-0.32,88.3,3.88,1,0.1,.00,0.0,0.1,1,.536,.500,,Amateur Draft
163,158,Rookie Davis,24,CIN,24.0,7,6,25,9.38,4.59,0.16,0.15,102.8,4.71,-13,-1.1,.22,0.0,-0.9,-10,.344,.493,"$535,000",Traded
164,159,Wade Davis,31,CHC,58.2,59,0,16,2.45,4.58,0.13,-0.32,101.1,4.18,11,1.1,1.62,0.2,1.9,17,.519,.507,"$10,000,000",Traded
165,160,Grant Dayton*,29,LAD,23.2,29,0,13,4.94,4.56,0.48,-0.32,97.7,3.68,-3,-0.3,.81,0.0,-0.2,-1,.488,.498,"$540,000",Traded
166,161,Chase De Jong,23,SEA,28.1,7,4,20,6.35,4.76,0.10,0.04,96.5,4.54,-6,-0.6,1.50,-0.1,-0.4,-3,.420,.497,,Traded
167,162,Jorge De La Rosa*,36,ARI,51.1,65,0,24,4.21,4.75,0.09,-0.33,108.0,4.67,2,0.2,1.19,-0.1,0.6,7,.504,.502,"$2,250,000",Free Agency
168,163,Rubby De La Rosa,28,ARI,7.2,9,0,4,4.70,4.68,0.07,-0.33,108.1,4.62,0,0.0,1.12,0.0,0.0,1,.499,.500,,Free Agency
169,164,Jose De Leon,24,TBR,2.2,1,0,3,10.13,4.49,0.49,-0.31,120.0,4.43,-2,-0.1,1.32,0.0,-0.2,-1,.351,.499,,Traded
170,165,Jacob deGrom,29,NYM,201.1,31,31,87,3.89,4.67,-0.32,0.20,95.0,4.94,23,2.4,,-0.1,4.1,42,.578,.515,"$4,050,000",Amateur Draft
171,166,Randall Delgado,27,ARI,62.2,26,5,31,4.45,4.60,0.09,-0.12,106.9,4.70,1,0.1,.70,-0.1,0.6,7,.506,.501,"$1,775,000",Traded
172,167,Matt Dermody*,26,TOR,22.1,23,0,13,5.24,5.04,-0.05,-0.35,102.3,4.85,-1,-0.1,.79,-0.1,0.1,1,.495,.499,,Amateur Draft
173,168,Daniel Descalso,30,ARI,2.0,2,0,0,0.00,5.07,0.09,-0.36,102.0,4.72,1,0.1,.00,-0.1,0.1,1,.555,.501,"$1,350,000",Free Agency
174,169,Odrisamer Despaigne,30,MIA,58.1,18,8,31,4.78,4.64,0.09,0.07,91.5,4.23,-4,-0.4,.53,0.0,0.1,2,.479,.498,"$535,000",Waivers
175,170,Chris Devenski,26,HOU,80.2,62,0,26,2.90,4.75,-0.07,-0.33,92.7,4.16,11,1.1,1.66,0.1,2.0,20,.517,.507,"$554,500",Traded
176,171,Dayan Diaz,28,HOU,13.0,10,1,14,9.69,4.60,-0.08,-0.21,94.7,4.22,-8,-0.8,.24,0.2,-0.4,-7,.424,.495,,Free Agency
177,172,Edwin Diaz,23,SEA,66.0,66,0,28,3.82,4.80,0.07,-0.33,94.8,4.17,2,0.2,2.08,-0.1,0.8,9,.503,.501,"$545,000",Amateur Draft
178,173,Jairo Diaz,26,COL,5.0,4,0,6,10.80,4.25,-0.05,-0.30,112.3,4.49,-4,-0.3,.04,0.1,-0.1,-3,.417,.498,"$540,000",Traded
179,174,Jumbo Diaz,33,TBR,30.0,31,0,20,6.00,4.85,0.40,-0.34,95.7,3.94,-7,-0.7,1.43,-0.2,-0.6,-4,.477,.496,"$557,500",Waivers
180,175,Miguel Diaz,22,SDP,41.2,31,3,35,7.56,4.69,-0.02,-0.18,100.8,4.57,-14,-1.4,.33,0.2,-0.7,-10,.456,.492,"$535,000",Traded
181,Rk,Name,Age,Tm,IP,G,GS,R,RA9,RA9opp,RA9def,RA9role,PPFp,RA9avg,RAA,WAA,gmLI,WAAadj,WAR,RAR,waaWL%,162WL%,Salary,Acquired
182,176,R.A. Dickey,42,ATL,190.0,31,31,99,4.69,4.71,-0.19,0.20,98.9,5.05,7,0.7,,-0.1,2.3,25,.523,.504,"$7,500,000",Free Agency
183,177,Jake Diekman*,30,TEX,10.2,11,0,3,2.53,4.87,-0.02,-0.34,110.6,5.04,3,0.3,1.32,0.0,0.4,4,.527,.502,"$2,550,000",Traded
184,178,Sean Doolittle*,30,2TM,51.1,53,0,18,3.16,4.82,-0.16,-0.34,96.9,4.49,7,0.8,1.70,0.1,1.4,13,.514,.502,"$2,630,000",Amateur Draft
185,179,Oliver Drake,30,2TM,56.0,64,0,31,4.98,4.85,0.08,-0.34,101.5,4.50,-3,-0.3,.87,-0.1,0.1,2,.495,.499,"$538,000",Free Agency
186,180,Brian Duensing*,34,CHC,62.1,68,0,19,2.74,4.73,0.16,-0.33,100.6,4.27,10,1.1,.89,-0.2,1.4,16,.516,.507,"$2,000,000",Free Agency
187,181,Tyler Duffey,26,MIN,71.0,56,0,41,5.20,4.75,0.16,-0.33,101.0,4.30,-8,-0.8,1.15,-0.3,-0.3,0,.486,.495,"$542,500",Amateur Draft
188,182,Danny Duffy*,28,KCR,146.1,24,24,67,4.12,4.88,-0.20,0.21,101.2,5.35,19,2.0,,-0.1,3.3,35,.584,.512,"$5,000,000",Amateur Draft
189,183,Zach Duke*,34,STL,18.1,27,0,8,3.93,4.90,0.12,-0.34,98.3,4.36,1,0.1,1.15,0.0,0.2,3,.503,.501,"$5,500,000",Traded
190,184,Ryan Dull,27,OAK,42.0,49,0,30,6.43,4.89,-0.24,-0.34,94.6,4.53,-9,-0.9,1.24,-0.2,-0.7,-5,.481,.494,"$540,000",Amateur Draft
191,185,Mike Dunn*,32,COL,50.1,68,0,25,4.47,4.77,-0.03,-0.33,114.3,5.10,3,0.3,1.05,-0.1,0.7,8,.505,.502,"$4,000,000",Free Agency
192,186,Sam Dyson,29,2TM,54.2,55,0,41,6.75,4.73,-0.23,-0.33,101.1,4.67,-13,-1.2,1.70,-0.4,-1.1,-7,.478,.498,"$3,520,000",Traded
193,187,Josh Edgin*,30,NYM,37.0,46,0,16,3.89,4.97,-0.39,-0.35,93.2,4.67,3,0.3,1.28,-0.1,0.6,7,.507,.502,"$675,000",Amateur Draft
194,188,Carl Edwards Jr.,25,CHC,66.1,73,0,22,2.98,4.68,0.10,-0.33,101.2,4.30,9,1.0,1.37,0.0,1.6,16,.513,.506,"$556,000",Traded
195,189,Zach Eflin,23,PHI,64.1,11,11,45,6.30,4.68,-0.38,0.20,99.0,5.21,-8,-0.8,,0.0,-0.2,-2,.431,.495,,Traded
196,190,Jerad Eickhoff,26,PHI,128.0,24,24,74,5.20,4.64,-0.34,0.20,99.0,5.12,-2,-0.2,,-0.1,0.9,11,.493,.499,"$552,000",Traded
197,191,Roenis Elias*,28,BOS,0.1,1,0,0,0.00,4.19,0.00,-0.30,108.0,4.21,0,0.0,.01,0.0,0.0,0,.516,.500,"$582,500",Traded
198,192,Brian Ellington,26,MIA,44.2,42,0,39,7.86,4.62,0.08,-0.32,94.5,3.99,-19,-1.9,.60,0.3,-1.2,-15,.455,.488,,Amateur Draft
199,193,Dietrich Enns*,26,MIN,4.0,2,1,4,9.00,4.78,0.23,-0.02,102.0,4.62,-2,-0.2,.07,0.0,-0.1,-2,.408,.499,,Traded
200,194,Jake Esch,27,SDP,0.0,1,0,0,,,,,,,,,,0.0,,,,,,Waivers
201,195,Paolo Espino,30,2TM,24.0,12,2,17,6.38,4.78,0.07,-0.16,106.8,4.88,-4,-0.4,.52,0.0,-0.2,-2,.467,.499,,Free Agency
202,196,Carlos Estevez,24,COL,32.1,35,0,21,5.85,4.72,-0.03,-0.33,117.3,5.19,-2,-0.2,.73,0.0,0.0,1,.493,.498,"$537,000",Amateur Free Agent
203,197,Marco Estrada,33,TOR,186.0,33,33,104,5.03,4.87,-0.05,0.21,101.8,5.22,2,0.2,,-0.1,1.9,23,.507,.501,"$14,500,000",Free Agency
204,198,Jeurys Familia,27,NYM,24.2,26,0,14,5.11,4.75,-0.35,-0.33,94.3,4.50,-2,-0.2,1.43,-0.1,-0.1,1,.493,.499,"$7,425,000",Amateur Free Agent
205,199,Jake Faria,23,TBR,86.2,16,14,35,3.63,4.74,0.35,0.17,96.5,4.40,7,0.7,.47,-0.1,1.5,16,.543,.504,,Amateur Draft
206,200,Buck Farmer,26,DET,48.0,11,11,38,7.13,4.79,-0.34,0.20,102.4,5.47,-9,-0.9,,0.0,-0.4,-4,.421,.495,,Amateur Draft
207,Rk,Name,Age,Tm,IP,G,GS,R,RA9,RA9opp,RA9def,RA9role,PPFp,RA9avg,RAA,WAA,gmLI,WAAadj,WAR,RAR,waaWL%,162WL%,Salary,Acquired
208,201,Danny Farquhar,30,2TM,49.1,52,0,23,4.20,4.91,0.23,-0.34,97.2,4.22,0,0.0,1.28,-0.1,0.3,5,.499,.500,"$900,000",Free Agency
209,202,Luke Farrell,26,2TM,13.0,10,1,8,5.54,4.84,0.03,-0.22,103.2,4.74,-1,0.0,.38,-0.1,0.0,0,.496,.501,,Waivers
210,203,Erick Fedde,24,WSN,15.1,3,3,16,9.39,4.83,-0.17,0.21,104.6,5.44,-7,-0.6,,0.0,-0.4,-5,.311,.497,,Amateur Draft
211,204,Scott Feldman,34,CIN,111.1,21,21,62,5.01,4.57,0.13,0.19,103.6,4.79,-3,-0.3,,-0.1,0.6,8,.485,.498,"$2,300,000",Free Agency
212,205,Michael Feliz,24,HOU,48.0,46,0,31,5.81,4.78,-0.08,-0.33,92.8,4.20,-9,-0.9,.75,0.0,-0.4,-4,.481,.494,"$546,200",Free Agency
213,206,Neftali Feliz,29,2TM,46.0,49,0,33,6.46,4.71,-0.03,-0.33,101.0,4.46,-10,-1.0,1.09,-0.3,-0.9,-6,.479,.496,"$5,350,000",Free Agency
214,207,Jeff Ferrell,26,DET,9.1,11,0,7,6.75,4.77,-0.46,-0.33,108.9,5.33,-2,-0.2,.18,0.0,0.0,-1,.486,.499,,Amateur Draft
215,208,Josh Fields,31,LAD,57.0,57,0,19,3.00,4.54,0.42,-0.32,97.3,3.70,4,0.4,1.08,-0.1,0.8,10,.508,.503,"$1,050,000",Traded
216,209,Casey Fien,33,2TM,12.0,10,0,17,12.75,5.16,-0.20,-0.36,97.0,4.84,-11,-1.0,1.37,-0.2,-1.1,-9,.402,.497,"$1,100,000",Purchased
217,210,Mike Fiers,32,HOU,153.1,29,28,95,5.58,4.74,-0.09,0.20,92.3,4.64,-17,-1.7,.75,-0.1,-0.3,0,.443,.490,"$3,450,000",Traded
218,211,Brandon Finnegan*,24,CIN,13.0,4,4,6,4.15,4.51,0.10,0.19,100.4,4.62,1,0.1,,0.0,0.2,2,.516,.500,"$567,000",Traded
219,212,Doug Fister,33,BOS,90.1,18,15,55,5.48,4.82,0.43,0.17,107.0,4.88,-7,-0.7,2.31,-0.1,0.1,3,.463,.496,"$1,750,000",Waivers
220,213,Jack Flaherty,21,STL,21.1,6,5,15,6.33,4.41,0.12,0.16,95.6,4.26,-5,-0.5,.09,0.0,-0.3,-3,.421,.497,,Amateur Draft
221,214,Chris Flexen,22,NYM,48.0,14,9,44,8.25,4.77,-0.41,0.13,95.9,5.10,-17,-1.6,.25,0.0,-1.1,-12,.389,.490,,Amateur Draft
222,215,Dylan Floro,26,CHC,9.2,3,0,7,6.52,4.51,0.21,-0.32,114.0,4.54,-2,-0.2,.05,0.1,-0.1,-1,.431,.499,,Waivers
223,216,Brian Flynn*,27,KCR,2.1,1,0,1,3.86,4.56,-0.24,-0.32,104.0,4.65,0,0.0,.07,0.0,0.0,0,.519,.500,"$556,000",Traded
224,217,Mike Foltynewicz,25,ATL,154.0,29,28,86,5.03,4.76,-0.19,0.20,100.4,5.17,2,0.2,.35,-0.1,1.5,17,.507,.501,"$544,000",Traded
225,218,Wilmer Font,27,LAD,3.2,3,0,7,17.18,4.39,0.67,-0.31,91.8,3.13,-6,-0.5,.41,0.1,-0.3,-5,.335,.497,,Free Agency
226,219,Seth Frankoff,28,CHC,2.0,1,0,2,9.00,4.56,0.19,-0.32,102.0,4.13,-1,-0.1,1.19,0.0,-0.1,-1,.399,.499,,Free Agency
227,220,Kyle Freeland*,24,COL,156.0,33,28,78,4.50,4.60,-0.03,0.17,117.2,5.64,19,2.0,.30,-0.1,3.3,34,.561,.513,,Amateur Draft
228,221,Mike Freeman,29,SEA,1.0,1,0,1,9.00,4.67,0.18,-0.32,90.0,3.75,-1,-0.1,.00,0.0,0.0,0,.443,.500,,Waivers
229,222,Sam Freeman*,30,ATL,60.0,58,0,19,2.85,4.79,-0.17,-0.34,99.2,4.59,11,1.2,1.08,-0.1,1.6,17,.520,.507,,Free Agency
230,223,Max Fried*,23,ATL,26.0,9,4,15,5.19,4.94,-0.20,0.05,98.6,5.11,0,0.0,.08,0.0,0.2,2,.496,.500,,Traded
231,224,Ernesto Frieri,31,TEX,7.0,6,0,4,5.14,4.55,-0.03,-0.32,114.8,4.90,0,0.0,.98,0.0,0.0,1,.496,.500,,Free Agency
232,225,Jace Fry*,23,CHW,6.2,11,0,8,10.80,5.40,-0.11,-0.38,98.9,5.07,-4,-0.4,.47,0.1,-0.3,-4,.462,.497,,Amateur Draft
233,Rk,Name,Age,Tm,IP,G,GS,R,RA9,RA9opp,RA9def,RA9role,PPFp,RA9avg,RAA,WAA,gmLI,WAAadj,WAR,RAR,waaWL%,162WL%,Salary,Acquired
234,226,Carson Fulmer,23,CHW,23.1,7,5,10,3.86,4.70,-0.07,0.06,99.9,4.82,2,0.2,1.62,0.0,0.5,5,.534,.501,,Amateur Draft
235,227,Michael Fulmer,24,DET,164.2,25,25,80,4.37,4.71,-0.35,0.20,102.7,5.41,18,1.9,,-0.1,3.4,36,.574,.511,"$551,900",Traded
236,228,Yovani Gallardo,31,SEA,130.2,28,22,84,5.79,4.94,0.09,0.14,95.0,4.74,-16,-1.6,.57,-0.1,-0.4,-2,.444,.490,"$11,000,000",Traded
237,229,Giovanny Gallegos,25,NYY,20.1,16,0,12,5.31,4.80,0.10,-0.34,101.7,4.44,-2,-0.2,.40,0.0,0.0,0,.487,.499,,Amateur Free Agent
238,230,John Gant,24,STL,17.1,7,2,9,4.67,4.52,0.13,-0.08,97.7,4.22,-1,-0.1,.23,0.0,0.1,1,.487,.499,"$536,600",Traded
239,231,Jaime Garcia*,30,3TM,157.0,27,27,86,4.93,4.76,-0.11,0.20,97.5,4.94,-1,0.0,,-0.1,1.3,15,.499,.501,"$12,000,000",Traded
240,232,Jarlin Garcia*,24,MIA,53.1,68,0,29,4.89,4.72,0.08,-0.33,90.8,3.92,-6,-0.6,1.11,-0.2,-0.3,-1,.491,.496,,Amateur Free Agent
241,233,Luis Garcia,30,PHI,71.1,66,0,22,2.78,4.73,-0.32,-0.33,99.5,4.69,15,1.5,1.04,-0.1,2.0,22,.523,.509,,Free Agency
242,234,Onelki Garcia*,27,KCR,6.0,2,1,9,13.50,5.04,-0.29,0.22,106.9,5.93,-5,-0.4,.52,0.0,-0.4,-4,.293,.497,,Free Agency
243,235,Nick Gardewine,23,TEX,8.0,12,0,8,9.00,4.88,-0.05,-0.34,108.2,4.96,-4,-0.4,.43,0.1,-0.2,-3,.470,.498,,Amateur Draft
244,236,Amir Garrett*,25,CIN,70.2,16,14,60,7.64,4.55,0.14,0.17,99.9,4.58,-24,-2.2,.89,0.0,-1.6,-18,.365,.487,,Amateur Draft
245,237,Ryan Garton,27,2TM,22.0,20,0,12,4.91,5.00,0.24,-0.35,92.6,4.08,-2,-0.2,.70,-0.1,0.0,0,.491,.500,,Traded
246,238,Matt Garza,33,MIL,114.2,24,22,72,5.65,4.61,0.11,0.18,101.4,4.75,-12,-1.2,.25,-0.1,-0.2,-1,.452,.493,"$12,500,000",Free Agency
247,239,Kevin Gausman,26,BAL,186.2,34,34,99,4.77,4.68,-0.15,0.20,99.5,5.01,3,0.3,,-0.1,2.1,24,.510,.502,"$3,450,000",Amateur Draft
248,240,Sam Gaviglio,27,2TM,74.1,16,13,41,4.96,4.90,0.04,0.18,97.6,4.92,-1,-0.1,.04,-0.1,0.6,7,.496,.499,,Waivers
249,241,Cory Gearrin,31,SFG,68.0,68,0,16,2.12,4.78,-0.25,-0.33,100.4,4.72,19,2.0,.94,-0.2,2.4,26,.530,.512,"$1,050,000",Free Agency
250,242,Dillon Gee,31,2TM,49.1,18,4,24,4.38,4.78,0.10,-0.16,105.0,4.77,2,0.2,.95,-0.1,0.6,7,.510,.501,,Free Agency
251,243,Scooter Gennett,27,CIN,1.0,1,0,2,18.00,4.96,0.23,-0.35,102.0,4.47,-2,-0.1,.00,0.1,-0.1,-1,.365,.499,,Waivers
252,244,Domingo German,24,NYY,14.1,7,0,6,3.77,5.05,0.08,-0.35,97.8,4.52,1,0.1,.47,-0.1,0.2,3,.516,.501,,Free Agency
253,245,Kyle Gibson,29,MIN,158.0,29,29,93,5.30,4.66,0.16,0.20,101.0,4.74,-11,-1.1,,-0.1,0.4,7,.463,.493,"$2,900,000",Amateur Draft
254,246,Ken Giles,26,HOU,62.2,63,0,16,2.30,4.75,-0.07,-0.33,92.7,4.15,12,1.3,1.50,0.1,2.0,19,.520,.508,"$550,100",Traded
255,247,Sean Gilmartin*,27,NYM,3.1,2,0,5,13.50,4.87,-0.52,-0.34,103.5,5.22,-3,-0.3,.44,0.1,-0.2,-3,.363,.498,,Rule 5 Draft
256,248,Chris Gimenez,34,MIN,5.0,6,0,4,7.20,4.97,0.22,-0.35,100.4,4.41,-2,-0.2,.00,0.1,0.0,-1,.474,.499,"$950,000",Free Agency
257,249,Lucas Giolito,22,CHW,45.1,7,7,14,2.78,4.72,-0.07,0.20,95.8,4.78,10,1.1,,0.0,1.5,15,.653,.507,,Traded
258,250,Mychal Givens,27,BAL,78.2,69,0,24,2.75,4.76,-0.13,-0.33,99.6,4.54,15,1.5,1.29,0.0,2.3,24,.522,.509,"$546,000",Amateur Draft
259,Rk,Name,Age,Tm,IP,G,GS,R,RA9,RA9opp,RA9def,RA9role,PPFp,RA9avg,RAA,WAA,gmLI,WAAadj,WAR,RAR,waaWL%,162WL%,Salary,Acquired
260,251,Tyler Glasnow,23,PIT,62.0,15,13,61,8.85,4.83,0.00,0.15,99.2,4.94,-27,-2.4,1.26,-0.1,-1.9,-21,.342,.485,"$541,000",Amateur Draft
261,252,Koda Glover,24,WSN,19.1,23,0,11,5.12,4.52,-0.15,-0.32,102.2,4.45,-2,-0.2,1.74,-0.1,-0.1,0,.493,.499,"$538,300",Amateur Draft
262,253,Zack Godley,27,ARI,155.0,26,25,61,3.54,4.62,0.08,0.19,108.9,5.15,27,2.9,.58,-0.1,4.2,42,.613,.518,,Traded
263,254,Erik Goeddel,28,NYM,29.0,33,0,17,5.28,4.73,-0.33,-0.33,93.0,4.41,-3,-0.3,.56,0.0,0.0,0,.491,.498,,Amateur Draft
264,255,David Goforth,28,MIL,1.0,1,0,0,0.00,4.96,0.10,-0.35,102.0,4.60,1,0.1,.07,0.0,0.0,1,.553,.500,,Amateur Draft
265,256,Luiz Gohara*,20,ATL,29.1,5,5,17,5.22,4.81,-0.18,0.20,97.3,5.05,-1,-0.1,,0.0,0.2,2,.487,.500,,Traded
266,257,Brad Goldberg,27,CHW,12.0,11,0,11,8.25,4.69,-0.09,-0.33,102.6,4.56,-5,-0.5,.38,0.1,-0.3,-4,.456,.497,,Amateur Draft
267,258,Jeanmar Gomez,29,PHI,22.1,18,0,19,7.66,4.80,-0.34,-0.34,98.1,4.71,-7,-0.7,1.13,-0.1,-0.6,-5,.460,.496,"$4,200,000",Free Agency
268,259,Roberto Gomez,27,SFG,5.1,4,0,5,8.44,4.78,-0.34,-0.33,105.1,5.03,-2,-0.2,.15,0.1,-0.1,-2,.450,.499,,Free Agency
269,260,Marco Gonzales*,25,2TM,40.0,11,8,27,6.08,4.70,0.11,0.11,97.9,4.60,-7,-0.6,.27,0.0,-0.2,-2,.446,.498,,Traded
270,261,Gio Gonzalez*,31,WSN,201.0,32,32,69,3.09,4.71,-0.13,0.20,100.7,5.08,44,4.9,,-0.1,6.5,63,.652,.530,"$12,000,000",Traded
271,262,Miguel Gonzalez,33,2TM,156.0,27,27,88,5.08,4.87,-0.08,0.21,101.2,5.22,1,0.1,,-0.1,1.6,19,.505,.502,"$5,900,000",Free Agency
272,263,Nick Goody,25,CLE,54.2,56,0,20,3.29,4.78,0.16,-0.33,104.8,4.48,7,0.7,.69,-0.3,1.0,13,.512,.504,,Traded
273,264,Daniel Gossett,24,OAK,91.1,18,18,67,6.60,4.92,-0.31,0.21,93.5,5.09,-16,-1.5,,-0.1,-0.7,-6,.416,.491,,Amateur Draft
274,265,Trevor Gott,24,WSN,3.0,4,0,10,30.00,5.06,-0.28,-0.35,106.0,5.28,-8,-0.7,.39,0.2,-0.5,-8,.325,.496,,Traded
275,266,Matt Grace*,28,WSN,50.0,40,1,25,4.50,4.74,-0.16,-0.29,101.5,4.69,1,0.1,.70,-0.1,0.4,6,.502,.501,,Amateur Draft
276,267,Kendall Graveman,26,OAK,105.1,19,19,50,4.27,4.83,-0.29,0.21,94.5,5.04,8,0.8,,-0.1,1.8,20,.544,.505,"$545,000",Traded
277,268,Jon Gray,25,COL,110.1,20,20,47,3.83,4.65,-0.03,0.20,113.2,5.52,20,2.2,,-0.1,3.1,31,.610,.514,"$540,000",Amateur Draft
278,269,Sonny Gray,27,2TM,162.1,27,27,79,4.38,4.79,-0.11,0.20,98.6,5.02,10,1.1,,-0.1,2.5,28,.539,.503,"$3,575,000",Traded
279,270,Chad Green,26,NYY,69.0,40,1,14,1.83,4.75,0.06,-0.32,103.5,4.53,20,2.1,1.10,-0.1,2.7,28,.553,.513,,Traded
280,271,Shane Greene,28,DET,67.2,71,0,21,2.79,4.84,-0.29,-0.34,102.4,4.90,15,1.6,1.38,0.1,2.4,23,.522,.510,"$550,600",Traded
281,272,Luke Gregerson,33,HOU,61.0,65,0,31,4.57,4.79,-0.08,-0.33,91.4,4.15,-3,-0.3,.88,-0.2,0.1,3,.495,.498,"$6,250,000",Free Agency
282,273,Zack Greinke,33,ARI,202.1,32,32,80,3.56,4.64,0.08,0.20,110.0,5.23,37,4.0,,-0.1,5.7,56,.626,.525,"$34,000,000",Free Agency
283,274,A.J. Griffin,29,TEX,77.1,18,15,52,6.05,4.80,-0.04,0.16,105.1,5.26,-7,-0.7,.10,0.0,0.0,1,.459,.495,"$2,000,000",Free Agency
284,275,Jason Grilli,40,2TM,40.0,46,0,30,6.75,4.86,-0.04,-0.34,106.5,4.86,-9,-0.9,.91,-0.1,-0.6,-4,.481,.497,"$3,000,000",Traded
285,Rk,Name,Age,Tm,IP,G,GS,R,RA9,RA9opp,RA9def,RA9role,PPFp,RA9avg,RAA,WAA,gmLI,WAAadj,WAR,RAR,waaWL%,162WL%,Salary,Acquired
286,276,Justin Grimm,28,CHC,55.1,50,0,34,5.53,4.61,0.15,-0.32,100.5,4.16,-9,-0.9,.78,0.0,-0.4,-3,.483,.495,"$1,825,000",Traded
287,277,Robert Gsellman,23,NYM,119.2,25,22,85,6.39,4.73,-0.43,0.18,92.8,4.95,-20,-1.9,1.11,-0.1,-0.9,-8,.426,.489,"$541,750",Amateur Draft
288,278,Reymin Guduan*,25,HOU,16.0,22,0,14,7.88,4.96,-0.10,-0.35,95.9,4.52,-6,-0.6,.47,0.1,-0.3,-4,.473,.496,,Amateur Free Agent
289,279,Deolis Guerra,28,LAA,25.0,19,0,13,4.68,4.85,0.21,-0.34,92.3,3.96,-2,-0.2,.79,-0.1,0.0,1,.488,.499,,Rule 5 Draft
290,280,Javy Guerra,31,MIA,21.0,16,0,8,3.43,4.62,0.09,-0.32,99.3,4.18,2,0.2,1.02,-0.1,0.3,4,.511,.501,,Free Agency
291,281,Junior Guerra,32,MIL,70.1,21,14,44,5.63,4.63,0.09,0.15,101.8,4.77,-7,-0.7,.30,0.0,-0.1,0,.467,.496,"$546,200",Waivers
292,282,Jason Gurka*,29,LAA,0.2,3,0,0,0.00,8.55,0.47,-0.59,114.0,8.53,1,0.1,1.02,0.0,0.1,1,.521,.500,,Free Agency
293,283,Jandel Gustave,24,HOU,5.0,6,0,4,7.20,4.88,-0.10,-0.34,87.6,4.06,-2,-0.2,.75,0.0,-0.1,-1,.471,.499,"$537,200",Rule 5 returned
294,284,Jeremy Guthrie,38,WSN,0.2,1,1,10,135.00,4.43,-0.59,0.19,98.0,5.10,-10,-0.4,,0.0,-0.4,-10,.070,.497,,Free Agency
295,285,Josh Hader*,23,MIL,47.2,35,0,11,2.08,4.76,0.06,-0.33,102.2,4.46,12,1.3,1.38,0.1,1.9,17,.537,.508,,Traded
296,286,Jesse Hahn,27,OAK,69.2,14,13,46,5.94,4.77,-0.30,0.20,96.2,5.07,-7,-0.7,.23,0.0,-0.1,0,.449,.496,,Traded
297,287,Justin Haley,26,MIN,18.0,10,0,12,6.00,4.73,0.17,-0.33,101.3,4.29,-4,-0.4,.56,0.0,-0.1,-2,.465,.498,"$535,000",Traded
298,288,Cole Hamels*,33,TEX,148.0,24,24,74,4.50,4.85,-0.04,0.21,108.0,5.50,15,1.6,,-0.1,3.0,32,.567,.510,"$23,500,000",Traded
299,289,Jason Hammel,34,KCR,180.1,32,32,109,5.44,4.83,-0.23,0.21,102.5,5.39,-2,-0.2,,-0.1,1.4,18,.492,.498,"$5,000,000",Free Agency
300,290,Brad Hand*,27,SDP,79.1,72,0,20,2.27,4.64,-0.01,-0.32,97.9,4.23,17,1.8,1.66,0.4,2.9,25,.524,.511,"$1,375,000",Waivers
301,291,J.A. Happ*,34,TOR,145.1,25,25,64,3.96,4.81,-0.05,0.21,102.9,5.21,19,2.0,,-0.1,3.3,35,.581,.512,"$13,000,000",Free Agency
302,292,Blaine Hardy*,30,DET,33.1,35,0,24,6.48,4.78,-0.39,-0.33,102.7,4.96,-6,-0.6,.84,0.0,-0.3,-2,.483,.496,,Free Agency
303,293,Lucas Harrell,32,TOR,6.1,4,0,5,7.11,5.01,-0.06,-0.35,104.0,4.91,-2,-0.2,.88,0.0,-0.1,-1,.461,.499,,Free Agency
304,294,Will Harris,32,HOU,45.1,46,0,15,2.98,4.72,-0.08,-0.33,92.4,4.13,5,0.6,1.54,0.0,1.0,10,.512,.503,"$2,200,000",Waivers
305,295,Donnie Hart*,26,BAL,43.2,51,0,19,3.92,4.84,-0.17,-0.34,101.0,4.71,3,0.4,.90,-0.1,0.7,8,.507,.502,"$538,500",Amateur Draft
306,296,Matt Harvey,28,NYM,92.2,19,18,70,6.80,4.70,-0.42,0.20,94.1,5.00,-19,-1.8,.93,-0.1,-1.0,-10,.407,.489,"$5,125,000",Amateur Draft
307,297,Chris Hatcher,32,2TM,59.2,49,0,29,4.37,4.72,0.17,-0.33,97.9,4.12,-2,-0.2,.96,0.0,0.4,4,.496,.499,"$1,250,000",Traded
308,298,Mike Hauschild,27,TEX,8.0,4,0,10,11.25,4.82,-0.04,-0.34,94.8,4.29,-6,-0.6,.39,0.1,-0.3,-5,.362,.497,"$535,000",Rule 5 Draft
309,299,Andrew Heaney*,26,LAA,21.2,5,5,17,7.06,4.74,0.23,0.20,99.3,4.69,-6,-0.5,,0.0,-0.3,-3,.392,.497,"$543,000",Traded
310,300,Ben Heller,25,NYY,11.0,9,0,1,0.82,4.59,0.09,-0.32,106.3,4.44,4,0.5,.80,-0.1,0.5,6,.550,.503,,Traded
311,Rk,Name,Age,Tm,IP,G,GS,R,RA9,RA9opp,RA9def,RA9role,PPFp,RA9avg,RAA,WAA,gmLI,WAAadj,WAR,RAR,waaWL%,162WL%,Salary,Acquired
312,301,Jeremy Hellickson,30,2TM,164.0,30,30,105,5.76,4.71,-0.30,0.20,98.9,5.15,-12,-1.0,,-0.1,0.4,5,.466,.498,"$17,200,000",Traded
313,302,Heath Hembree,28,BOS,62.0,62,0,29,4.21,4.76,0.43,-0.33,104.8,4.19,-1,-0.1,1.32,-0.2,0.4,6,.499,.500,"$547,000",Traded
314,303,Kyle Hendricks,27,CHC,139.2,24,24,49,3.16,4.52,0.16,0.19,102.1,4.64,23,2.4,,-0.1,3.6,36,.602,.515,"$760,500",Traded
315,304,Liam Hendriks,28,OAK,64.0,70,0,34,4.78,4.84,-0.24,-0.34,93.1,4.41,-3,-0.3,1.18,-0.2,0.1,4,.496,.498,"$1,100,000",Traded
316,305,Ariel Hernandez,25,CIN,24.1,19,0,14,5.18,4.74,0.10,-0.33,104.7,4.51,-2,-0.2,.30,0.0,0.0,0,.490,.499,,Rule 5 Draft
317,306,David Hernandez,32,2TM,55.0,64,0,20,3.27,4.84,0.16,-0.34,100.9,4.37,6,0.6,1.08,-0.2,1.0,12,.510,.502,"$535,000",Traded
318,307,Felix Hernandez,31,SEA,86.2,16,16,46,4.78,4.87,0.09,0.21,94.3,4.71,-1,-0.1,,-0.1,0.7,8,.492,.499,"$26,857,000",Amateur Free Agent
319,308,Kelvin Herrera,27,KCR,59.1,64,0,33,5.01,4.85,-0.21,-0.34,102.2,4.83,-2,-0.2,1.58,-0.2,0.2,5,.497,.499,"$5,325,000",Amateur Free Agent
320,309,Ronald Herrera,22,NYY,3.0,2,0,2,6.00,4.63,0.11,-0.32,94.6,3.98,-1,-0.1,1.18,0.0,-0.1,0,.466,.500,,Traded
321,310,Chris Heston,29,2TM,6.0,3,1,12,18.00,4.55,0.16,-0.06,95.8,4.15,-9,-0.6,1.23,0.1,-0.5,-9,.300,.497,,Waivers
322,311,Trevor Hildenberger,26,MIN,42.0,37,0,15,3.21,4.75,0.14,-0.33,101.3,4.33,5,0.5,1.24,-0.1,0.9,10,.513,.503,,Amateur Draft
323,312,Rich Hill*,37,LAD,135.2,25,25,51,3.38,4.51,0.39,0.19,93.7,4.04,9,1.0,,-0.1,2.1,22,.539,.506,"$12,666,667",Traded
324,313,Jeff Hoffman,24,COL,99.1,23,16,66,5.98,4.59,-0.03,0.15,116.2,5.55,-5,-0.5,.22,-0.1,0.3,4,.478,.497,,Traded
325,314,Jonathan Holder,24,NYY,39.1,37,0,17,3.89,4.78,0.10,-0.33,102.3,4.45,2,0.2,.80,-0.1,0.5,6,.506,.501,"$536,875",Amateur Draft
326,315,Derek Holland*,30,CHW,135.0,29,26,106,7.07,4.83,-0.08,0.20,99.8,5.10,-31,-2.8,.27,-0.1,-1.6,-16,.402,.483,"$6,000,000",Free Agency
327,316,Greg Holland,31,COL,57.1,61,0,24,3.77,4.55,-0.03,-0.32,117.1,4.99,8,0.8,1.79,0.2,1.5,13,.513,.505,"$6,000,000",Free Agency
328,317,David Holmberg*,25,CHW,57.2,37,7,37,5.77,4.90,-0.09,-0.07,100.1,4.92,-6,-0.6,.47,0.0,0.0,0,.484,.496,,Free Agency
329,318,J.J. Hoover,29,ARI,41.1,52,0,20,4.35,4.79,0.09,-0.34,108.1,4.73,2,0.2,1.16,-0.1,0.4,6,.503,.501,"$900,000",Free Agency
330,319,T.J. House*,27,TOR,2.0,2,0,1,4.50,4.87,-0.06,-0.34,100.4,4.61,0,0.0,.16,0.0,0.0,0,.500,.500,,Free Agency
331,320,J.P. Howell*,34,TOR,11.0,16,0,9,7.36,5.11,-0.06,-0.36,100.2,4.82,-3,-0.3,.97,0.0,-0.2,-2,.480,.498,"$3,000,000",Free Agency
332,321,James Hoyt,30,HOU,49.1,43,0,24,4.38,4.75,-0.08,-0.33,93.7,4.21,-1,-0.1,.73,-0.1,0.2,4,.497,.499,,Traded
333,322,Chih-Wei Hu,23,TBR,10.0,6,0,4,3.60,4.88,0.35,-0.12,100.8,4.44,1,0.1,.41,0.0,0.2,2,.515,.501,,Traded
334,323,Daniel Hudson,30,PIT,61.2,71,0,34,4.96,4.75,0.00,-0.33,98.3,4.34,-4,-0.5,1.06,-0.2,-0.1,1,.494,.497,"$5,500,000",Free Agency
335,324,Jared Hughes,31,MIL,59.2,67,0,21,3.17,4.70,0.09,-0.33,101.8,4.36,8,0.8,1.04,-0.1,1.2,13,.512,.505,"$950,000",Free Agency
336,325,Phil Hughes,31,MIN,53.2,14,9,38,6.37,4.62,0.18,0.13,102.7,4.69,-10,-1.0,.36,0.0,-0.5,-4,.429,.494,"$13,200,000",Free Agency
337,Rk,Name,Age,Tm,IP,G,GS,R,RA9,RA9opp,RA9def,RA9role,PPFp,RA9avg,RAA,WAA,gmLI,WAAadj,WAR,RAR,waaWL%,162WL%,Salary,Acquired
338,326,Tommy Hunter,30,TBR,58.2,61,0,18,2.76,4.78,0.33,-0.33,96.2,3.97,7,0.8,1.38,0.0,1.3,14,.512,.505,"$1,400,000",Free Agency
339,327,Jason Hursh,25,ATL,10.2,9,0,6,5.06,4.82,-0.20,-0.34,101.0,4.73,0,0.0,.39,0.0,0.0,1,.495,.500,,Amateur Draft
340,328,Raisel Iglesias,27,CIN,76.0,63,0,22,2.61,4.70,0.11,-0.33,103.3,4.40,15,1.5,1.33,0.1,2.3,22,.524,.509,"$4,214,286",Amateur Free Agent
341,329,Gregory Infante,29,CHW,54.2,52,0,20,3.29,4.76,-0.07,-0.33,100.4,4.52,7,0.7,.85,-0.2,1.1,13,.514,.504,,Free Agency
342,330,Hisashi Iwakuma,36,SEA,31.0,6,6,16,4.65,4.90,0.09,0.21,92.5,4.64,0,0.0,,0.0,0.3,3,.496,.500,"$14,000,000",Free Agency
343,331,Edwin Jackson,33,2TM,76.0,16,13,53,6.28,4.70,-0.16,0.16,100.6,5.06,-11,-1.0,.39,0.1,-0.3,-3,.438,.496,,Free Agency
344,332,Luke Jackson,25,ATL,50.2,43,0,26,4.62,4.76,-0.20,-0.33,100.4,4.65,0,0.0,.54,-0.1,0.3,5,.500,.500,,Traded
345,333,Jordan Jankowski,28,HOU,4.1,3,0,6,12.46,4.91,-0.10,-0.34,95.5,4.46,-4,-0.4,.41,0.1,-0.2,-3,.383,.498,,Amateur Draft
346,334,Kenley Jansen,29,LAD,68.1,65,0,11,1.45,4.58,0.33,-0.32,96.8,3.80,18,1.8,1.69,0.5,2.9,24,.528,.511,"$10,800,000",Free Agency
347,335,Jon Jay*,32,CHC,1.0,1,0,0,0.00,4.59,0.23,-0.32,102.0,4.12,0,0.0,.00,0.0,0.0,1,.548,.500,"$8,000,000",Free Agency
348,336,Myles Jaye,25,DET,12.2,5,2,18,12.79,4.87,-0.48,-0.11,105.3,5.51,-10,-0.9,.47,0.1,-0.6,-9,.325,.495,,Traded
349,337,Jeremy Jeffress,29,2TM,65.1,61,1,35,4.82,4.87,0.01,-0.32,106.6,4.84,0,0.0,.98,-0.2,0.5,7,.500,.499,"$2,100,000",Traded
350,338,Dan Jennings*,30,2TM,62.2,77,0,27,3.88,4.96,0.07,-0.35,99.2,4.52,4,0.4,1.14,-0.2,0.9,11,.505,.501,"$1,400,000",Traded
351,339,Joe Jimenez,22,DET,19.0,24,0,28,13.26,5.06,-0.42,-0.35,104.2,5.34,-17,-1.6,.54,0.3,-1.1,-15,.433,.490,,Amateur Free Agent
352,340,Ubaldo Jimenez,33,BAL,142.2,31,25,109,6.88,4.85,-0.16,0.16,99.1,5.12,-29,-2.7,.44,-0.1,-1.4,-13,.412,.483,"$13,500,000",Free Agency
353,341,Brian Johnson*,26,BOS,27.0,5,5,13,4.33,4.50,0.50,0.19,106.1,4.45,0,0.0,,0.0,0.3,3,.502,.500,,Amateur Draft
354,342,Jim Johnson,34,ATL,56.2,61,0,39,6.19,4.72,-0.18,-0.33,97.8,4.47,-11,-1.1,1.39,-0.4,-0.9,-6,.482,.493,"$5,000,000",Free Agency
355,343,Pierce Johnson,26,CHC,1.0,1,0,2,18.00,4.59,0.23,-0.32,102.0,4.12,-2,-0.1,.99,0.0,-0.1,-1,.362,.499,,Amateur Draft
356,344,Nate Jones,31,CHW,11.2,11,0,3,2.31,4.92,-0.06,-0.34,99.8,4.63,3,0.3,1.31,0.0,0.4,4,.527,.502,"$1,900,000",Amateur Draft
357,345,Felix Jorge,23,MIN,7.2,2,2,9,10.57,4.49,0.20,0.19,103.2,4.63,-5,-0.4,,0.0,-0.3,-4,.293,.497,,Amateur Free Agent
358,346,Taylor Jungmann,27,MIL,0.2,1,0,1,13.50,4.56,0.15,-0.32,102.0,4.17,-1,-0.1,.07,0.0,0.0,-1,.434,.500,"$537,600",Amateur Draft
359,347,Jakob Junis,24,KCR,98.1,20,16,52,4.76,4.76,-0.22,0.17,102.0,5.26,5,0.5,1.23,-0.1,1.4,16,.524,.503,,Amateur Draft
360,348,Tommy Kahnle,27,2TM,62.2,69,0,20,2.87,4.79,0.01,-0.33,102.3,4.55,11,1.1,1.19,-0.1,1.7,18,.516,.504,"$535,000",Traded
361,349,Nate Karns,29,KCR,45.1,9,8,21,4.17,4.87,-0.19,0.20,100.7,5.29,5,0.6,.42,0.0,1.0,10,.562,.503,"$571,000",Traded
362,350,Keone Kela,24,TEX,38.2,39,0,12,2.79,4.94,-0.03,-0.34,107.6,4.97,9,0.9,1.09,-0.1,1.2,13,.524,.506,"$543,210",Amateur Draft
363,Rk,Name,Age,Tm,IP,G,GS,R,RA9,RA9opp,RA9def,RA9role,PPFp,RA9avg,RAA,WAA,gmLI,WAAadj,WAR,RAR,waaWL%,162WL%,Salary,Acquired
364,351,Shawn Kelley,33,WSN,26.0,33,0,21,7.27,4.72,-0.16,-0.33,101.7,4.63,-8,-0.8,1.15,-0.1,-0.7,-5,.477,.495,"$5,500,000",Free Agency
365,352,Joe Kelly,29,BOS,58.0,54,0,19,2.95,4.79,0.40,-0.33,103.8,4.21,8,0.8,1.23,-0.1,1.3,14,.514,.505,"$2,800,000",Traded
366,353,Kyle Kendrick,32,BOS,8.1,2,2,12,12.96,4.75,0.69,0.20,104.9,4.48,-8,-0.6,,0.0,-0.5,-7,.217,.497,"$1,000,000",Free Agency
367,354,Ian Kennedy,32,KCR,154.0,30,30,99,5.79,4.79,-0.21,0.20,102.0,5.30,-10,-1.0,,-0.1,0.5,7,.468,.494,"$13,500,000",Free Agency
368,355,Clayton Kershaw*,29,LAD,175.0,27,27,49,2.52,4.46,0.41,0.19,97.2,4.12,30,3.3,,-0.1,4.8,47,.623,.521,"$35,571,429",Amateur Draft
369,356,Dallas Keuchel*,29,HOU,145.2,23,23,50,3.09,4.78,-0.08,0.20,94.3,4.78,26,2.8,,-0.1,4.2,42,.624,.518,"$9,150,000",Amateur Draft
370,357,Craig Kimbrel,29,BOS,69.0,67,0,11,1.43,4.80,0.23,-0.34,104.2,4.41,22,2.3,1.69,0.6,3.6,30,.534,.514,"$13,250,000",Traded
371,358,Brandon Kintzler,32,2TM,71.1,72,0,25,3.15,4.73,0.04,-0.33,100.0,4.36,9,0.9,1.58,0.1,1.7,17,.513,.503,"$2,925,000",Free Agency
372,359,Andrew Kittredge,27,TBR,15.1,15,0,4,2.35,4.85,0.39,-0.34,95.3,3.93,3,0.3,.75,-0.1,0.3,4,.517,.502,,Traded
373,360,Corey Kluber,31,CLE,203.2,29,29,56,2.47,4.75,0.16,0.20,104.7,5.01,56,6.3,,-0.1,8.1,78,.718,.539,"$7,700,000",Traded
374,361,Corey Knebel,25,MIL,76.0,76,0,15,1.78,4.63,0.06,-0.32,100.7,4.28,21,2.2,1.93,0.8,3.7,28,.528,.513,"$538,900",Traded
375,362,Matt Koch,26,ARI,0.0,1,0,3,,,,,,,,,,0.0,,,,,,Traded
376,363,Tom Koehler,31,2TM,72.2,27,13,55,6.81,4.69,0.05,0.11,93.1,4.42,-20,-1.6,.88,-0.1,-1.1,-12,.440,.496,"$5,750,000",Amateur Draft
377,364,Adam Kolarek*,28,TBR,8.1,12,0,6,6.48,4.92,0.43,-0.34,97.0,4.02,-2,-0.2,.89,0.0,-0.2,-1,.481,.499,,Free Agency
378,365,George Kontos,32,2TM,66.1,65,0,27,3.66,4.72,-0.22,-0.33,98.9,4.56,6,0.7,1.27,-0.1,1.2,13,.510,.502,"$1,750,000",Waivers
379,366,Ian Krol*,26,ATL,49.0,51,0,34,6.24,4.76,-0.18,-0.33,99.6,4.59,-9,-0.9,.77,0.0,-0.5,-5,.482,.494,"$900,000",Traded
380,367,Chad Kuhl,24,PIT,157.1,31,31,81,4.63,4.67,0.00,0.19,98.3,4.78,2,0.2,,-0.1,1.5,17,.507,.501,"$550,000",Amateur Draft
381,368,Jairo Labourt*,23,DET,6.0,6,0,3,4.50,4.91,-0.32,-0.34,104.9,5.12,0,0.0,.08,0.0,0.1,1,.506,.500,,Traded
382,369,John Lackey,38,CHC,170.2,31,30,93,4.90,4.70,0.17,0.20,101.9,4.81,-2,-0.2,1.08,-0.1,1.2,14,.492,.499,"$16,000,000",Free Agency
383,370,Dinelson Lamet,24,SDP,114.1,21,21,63,4.96,4.69,-0.02,0.20,97.7,4.79,-3,-0.3,,-0.1,0.7,8,.488,.498,,Amateur Free Agent
384,371,Mat Latos,29,TOR,15.0,3,3,11,6.60,4.81,-0.06,0.21,97.8,4.96,-3,-0.3,,0.0,-0.1,-1,.411,.498,,Free Agency
385,372,Derek Law,26,SFG,37.1,41,0,21,5.06,4.74,-0.30,-0.33,100.2,4.72,-2,-0.2,1.07,-0.1,0.1,2,.496,.499,"$545,000",Amateur Draft
386,373,Casey Lawrence,29,2TM,55.1,27,2,41,6.67,4.75,0.05,-0.22,97.2,4.34,-15,-1.4,.43,0.1,-0.7,-9,.450,.496,,Waivers
387,374,Tommy Layne*,32,NYY,13.0,19,0,12,8.31,5.13,0.12,-0.36,101.2,4.71,-5,-0.5,.39,0.1,-0.3,-4,.473,.497,"$1,075,000",Free Agency
388,375,Mike Leake,29,2TM,186.0,31,31,93,4.50,4.68,0.13,0.20,96.6,4.60,1,0.2,,-0.1,1.7,19,.506,.498,"$15,000,000",Traded
389,Rk,Name,Age,Tm,IP,G,GS,R,RA9,RA9opp,RA9def,RA9role,PPFp,RA9avg,RAA,WAA,gmLI,WAAadj,WAR,RAR,waaWL%,162WL%,Salary,Acquired
390,376,Jack Leathersich*,26,2TM,5.0,7,0,2,3.60,4.75,0.02,-0.33,103.1,4.53,0,0.1,1.14,0.0,0.2,1,.511,.501,,Waivers
391,377,Wade LeBlanc*,32,PIT,68.0,50,0,35,4.63,4.73,0.00,-0.29,97.6,4.34,-2,-0.3,.79,-0.1,0.2,4,.495,.498,"$750,000",Traded
392,378,Jose Leclerc,23,TEX,45.2,47,0,21,4.14,5.03,-0.03,-0.35,107.1,5.04,4,0.4,1.04,-0.1,0.8,9,.509,.503,"$536,000",Amateur Free Agent
393,379,Zach Lee,25,SDP,8.0,3,1,5,5.63,4.80,-0.02,0.02,114.8,5.57,0,0.0,.08,0.0,0.1,1,.497,.500,,Waivers
394,380,Mark Leiter Jr.,26,PHI,90.2,27,11,59,5.86,4.76,-0.33,0.05,99.5,5.11,-8,-0.8,.54,-0.1,0.0,1,.471,.495,,Amateur Draft
395,381,Arcenio Leon,30,DET,6.2,6,0,9,12.15,4.63,-0.39,-0.32,104.5,4.91,-5,-0.5,.30,0.2,-0.3,-5,.415,.497,,Free Agency
396,382,Dominic Leone,25,TOR,70.1,65,0,22,2.82,4.80,-0.04,-0.33,102.6,4.62,13,1.4,1.25,0.0,2.1,21,.521,.509,"$548,200",Waivers
397,383,Jon Lester*,33,CHC,180.2,32,32,101,5.03,4.67,0.16,0.19,99.6,4.69,-8,-0.8,,-0.1,0.7,10,.477,.495,"$25,000,000",Free Agency
398,384,Artie Lewicki,25,DET,10.1,4,1,8,6.97,4.48,-0.45,-0.07,104.0,5.06,-2,-0.2,.17,0.0,-0.1,-1,.445,.499,,Amateur Draft
399,385,Adam Liberatore*,30,LAD,3.1,4,0,1,2.70,4.65,0.40,-0.32,92.3,3.62,0,0.0,.44,0.0,0.1,1,.508,.500,,Traded
400,386,Josh Lindblom,30,PIT,10.1,4,0,9,7.84,4.80,0.00,-0.34,100.9,4.50,-4,-0.4,.28,0.1,-0.2,-3,.410,.498,,Free Agency
401,387,Francisco Liriano*,33,2TM,97.0,38,18,66,6.12,4.76,-0.06,0.11,101.5,5.00,-13,-1.2,1.13,-0.1,-0.4,-2,.467,.496,"$13,666,667",Traded
402,388,Ben Lively,25,PHI,88.2,15,15,45,4.57,4.68,-0.35,0.20,98.5,5.15,5,0.6,,-0.1,1.3,14,.538,.503,,Traded
403,389,Kyle Lloyd,26,SDP,4.0,1,1,4,9.00,4.89,-0.02,0.21,94.0,4.81,-2,-0.2,,0.0,-0.1,-1,.338,.499,,Amateur Draft
404,390,Jeff Locke*,29,MIA,32.0,7,7,30,8.44,4.75,0.09,0.20,91.3,4.43,-14,-1.2,,0.0,-1.0,-11,.325,.492,"$3,025,000",Free Agency
405,391,Boone Logan*,32,CLE,21.0,38,0,13,5.57,5.34,0.18,-0.37,106.7,5.11,-1,-0.1,.81,-0.1,0.0,1,.497,.499,"$5,500,000",Free Agency
406,392,Jorge Lopez,24,MIL,2.0,1,0,1,4.50,4.71,0.14,-0.33,106.0,4.50,0,0.0,.02,0.0,0.0,0,.499,.500,,Amateur Draft
407,393,Reynaldo Lopez,23,CHW,47.2,8,8,29,5.48,4.52,-0.09,0.19,100.6,4.83,-4,-0.4,,0.0,0.1,1,.453,.498,,Traded
408,394,Michael Lorenzen,25,CIN,83.0,70,0,43,4.66,4.69,0.13,-0.33,103.1,4.36,-3,-0.3,1.21,-0.2,0.2,5,.496,.498,"$555,000",Amateur Draft
409,395,Aaron Loup*,29,TOR,57.2,70,0,27,4.21,5.13,-0.05,-0.36,101.9,4.91,4,0.4,1.05,-0.2,0.8,10,.506,.503,"$1,125,000",Amateur Draft
410,396,Josh Lucas,26,STL,7.1,5,0,3,3.68,4.43,0.11,-0.31,94.8,3.80,0,0.0,.47,0.0,0.1,1,.501,.500,,Amateur Draft
411,397,Seth Lugo,27,NYM,101.1,19,18,57,5.06,4.77,-0.40,0.19,93.3,5.00,-1,-0.1,.08,-0.1,0.7,9,.494,.499,"$543,500",Amateur Draft
412,398,Jordan Lyles,26,2TM,69.2,38,5,61,7.88,4.65,-0.03,-0.15,113.0,5.11,-22,-2.0,.45,0.2,-1.2,-15,.448,.494,"$3,175,000",Traded
413,399,Lance Lynn,30,STL,186.1,33,33,80,3.86,4.63,0.12,0.20,97.7,4.61,15,1.5,,-0.1,3.1,33,.547,.509,"$7,500,000",Amateur Draft
414,400,Tyler Lyons*,29,STL,54.0,50,0,17,2.83,4.61,0.09,-0.32,98.2,4.12,8,0.8,1.11,-0.1,1.2,13,.515,.505,"$549,800",Amateur Draft
415,Rk,Name,Age,Tm,IP,G,GS,R,RA9,RA9opp,RA9def,RA9role,PPFp,RA9avg,RAA,WAA,gmLI,WAAadj,WAR,RAR,waaWL%,162WL%,Salary,Acquired
416,401,Andres Machado,24,KCR,3.2,2,0,9,22.09,4.73,-0.38,-0.33,103.3,4.93,-7,-0.5,.25,0.2,-0.3,-7,.239,.497,,Amateur Free Agent
417,402,Jean Machi,35,SEA,7.2,5,0,2,2.35,4.43,0.09,-0.31,96.8,3.91,1,0.1,1.13,0.0,0.2,2,.526,.501,"$535,000",Free Agency
418,403,Austin Maddox,26,BOS,17.1,13,0,1,0.52,4.83,0.43,-0.34,104.0,4.23,7,0.7,.46,-0.2,0.7,9,.556,.505,,Amateur Draft
419,404,Ryan Madson,36,2TM,59.0,60,0,12,1.83,4.83,-0.18,-0.34,96.5,4.50,17,1.8,1.34,0.1,2.5,23,.530,.506,"$7,666,667",Free Agency
420,405,Kenta Maeda,29,LAD,134.1,29,25,68,4.56,4.51,0.46,0.16,98.2,4.14,-7,-0.7,.52,-0.1,0.4,6,.477,.496,"$3,125,000",Free Agency
421,406,Damien Magnifico,26,LAA,0.1,1,0,0,0.00,5.18,0.00,-0.35,94.0,4.54,0,0.0,.15,0.0,0.0,0,.517,.500,,Traded
422,407,Tyler Mahle,22,CIN,20.0,4,4,6,2.70,4.57,0.14,0.19,96.6,4.47,4,0.4,,0.0,0.6,6,.605,.503,,Amateur Draft
423,408,Sean Manaea*,25,OAK,158.2,29,29,88,4.99,4.86,-0.28,0.21,94.8,5.07,0,0.0,,-0.1,1.4,18,.500,.500,"$537,500",Traded
424,409,Seth Maness,28,KCR,9.2,8,0,5,4.66,4.98,-0.28,-0.35,104.7,5.14,0,0.0,.58,0.0,0.1,2,.506,.500,,Free Agency
425,410,Dillon Maples,25,CHC,5.1,6,0,6,10.13,4.62,0.11,-0.32,98.0,4.10,-4,-0.3,.40,0.1,-0.2,-3,.442,.498,,Amateur Draft
426,411,Jhan Marinez,28,3TM,58.1,43,0,26,4.01,4.73,0.03,-0.33,102.4,4.48,3,0.3,.49,-0.4,0.5,8,.507,.501,"$540,200",Purchased
427,412,Justin Marks*,29,TBR,1.1,1,0,1,6.75,4.17,0.49,-0.29,92.0,3.13,-1,-0.1,.27,0.0,0.0,0,.447,.500,,Free Agency
428,413,German Marquez,22,COL,162.0,29,29,82,4.56,4.64,-0.03,0.20,116.0,5.65,19,2.0,,-0.1,3.4,35,.570,.513,"$537,000",Traded
429,414,Evan Marshall,27,SEA,7.2,6,0,8,9.39,5.15,0.11,-0.36,95.9,4.48,-4,-0.4,.56,0.1,-0.3,-3,.433,.498,,Waivers
430,415,Francis Martes,21,HOU,54.1,32,4,40,6.63,4.76,-0.08,-0.16,91.4,4.28,-15,-1.4,.73,0.0,-0.9,-9,.456,.491,,Traded
431,416,Cody Martin,27,SEA,2.0,1,0,4,18.00,4.27,0.16,-0.30,104.0,3.96,-3,-0.2,.14,0.1,-0.1,-3,.259,.499,,Waivers
432,417,Kyle Martin,26,BOS,2.1,2,0,1,3.86,4.42,0.49,-0.31,99.1,3.59,0,0.0,.25,0.0,0.0,0,.496,.500,,Amateur Draft
433,418,Leonys Martin,29,CHC,0.2,1,0,2,27.00,4.37,0.41,-0.31,96.0,3.51,-2,-0.2,.00,0.1,-0.1,-2,.348,.499,,Traded
434,419,Carlos Martinez,25,STL,205.0,32,32,93,4.08,4.61,0.11,0.20,98.6,4.63,12,1.2,,-0.1,2.9,31,.538,.507,"$3,700,000",Free Agency
435,420,Michael Martinez,34,CLE,1.0,1,0,0,0.00,4.67,0.30,-0.32,108.0,4.37,0,0.0,.02,0.0,0.0,1,.550,.500,,Free Agency
436,421,Nick Martinez,26,TEX,111.1,23,18,74,5.98,4.93,-0.04,0.15,106.2,5.44,-8,-0.8,.49,-0.1,0.3,5,.467,.495,,Amateur Draft
437,422,Phil Maton,24,SDP,43.0,46,0,23,4.81,4.68,-0.02,-0.33,99.2,4.34,-2,-0.2,1.11,-0.1,0.0,2,.495,.498,,Amateur Draft
438,423,Steven Matz*,26,NYM,66.2,13,13,46,6.21,4.82,-0.42,0.20,95.9,5.22,-8,-0.7,,0.0,-0.2,-1,.444,.495,"$562,250",Amateur Draft
439,424,Brandon Maurer,26,2TM,59.1,68,0,43,6.52,4.73,-0.10,-0.33,99.9,4.50,-14,-1.4,1.39,-0.3,-1.1,-8,.480,.496,"$1,900,000",Traded
440,425,Mike Mayers,25,STL,4.2,3,0,8,15.43,4.85,0.15,-0.34,99.0,4.31,-6,-0.5,.09,0.2,-0.2,-5,.334,.497,,Amateur Draft
441,Rk,Name,Age,Tm,IP,G,GS,R,RA9,RA9opp,RA9def,RA9role,PPFp,RA9avg,RAA,WAA,gmLI,WAAadj,WAR,RAR,waaWL%,162WL%,Salary,Acquired
442,426,Tim Mayza*,25,TOR,17.0,19,0,15,7.94,4.85,-0.05,-0.34,102.8,4.69,-6,-0.6,.57,0.1,-0.4,-4,.468,.496,,Amateur Draft
443,427,Cory Mazzoni,27,SDP,8.0,6,0,16,18.00,4.79,-0.03,-0.34,103.0,4.61,-12,-1.0,.35,0.3,-0.6,-11,.330,.494,,Free Agency
444,428,Zach McAllister,29,CLE,62.0,50,0,18,2.61,4.73,0.18,-0.33,105.6,4.45,12,1.3,.58,-0.4,1.4,19,.525,.508,"$1,825,000",Traded
445,429,Brandon McCarthy,33,LAD,92.2,19,16,43,4.18,4.68,0.49,0.16,94.7,4.12,-1,-0.1,.50,-0.1,0.7,8,.495,.499,"$11,500,000",Free Agency
446,430,Kevin McCarthy,25,KCR,45.0,33,0,23,4.60,4.84,-0.24,-0.34,102.9,4.88,1,0.1,.33,-0.2,0.4,6,.503,.501,,Amateur Draft
447,431,Lance McCullers Jr.,23,HOU,118.2,22,22,61,4.63,4.73,-0.08,0.20,94.2,4.72,0,0.0,,-0.1,1.1,13,.501,.500,"$548,000",Amateur Draft
448,432,T.J. McFarland*,28,ARI,54.0,43,1,42,7.00,4.70,0.11,-0.33,106.7,4.54,-15,-1.5,.71,0.1,-0.9,-10,.466,.491,"$685,000",Free Agency
449,433,Jake McGee*,30,COL,57.1,62,0,23,3.61,4.61,-0.03,-0.32,113.8,4.91,8,0.8,1.35,0.0,1.4,14,.513,.505,"$5,900,000",Free Agency
450,434,Dustin McGowan,35,MIA,77.2,63,0,42,4.87,4.73,0.08,-0.33,89.8,3.88,-9,-0.9,.83,-0.1,-0.3,-1,.486,.495,"$1,750,000",Free Agency
451,435,Kevin McGowan,25,NYM,8.2,8,0,5,5.19,4.70,-0.37,-0.33,92.2,4.37,-1,-0.1,.32,0.0,0.0,0,.490,.499,,Amateur Draft
452,436,Kyle McGrath*,24,SDP,19.0,17,0,6,2.84,4.65,-0.02,-0.33,101.2,4.39,3,0.3,.57,-0.1,0.4,5,.519,.502,,Amateur Draft
453,437,Deck McGuire,28,CIN,13.2,6,2,6,3.95,4.74,0.14,-0.02,102.1,4.68,1,0.1,.28,0.0,0.2,2,.518,.501,,Free Agency
454,438,Collin McHugh,30,HOU,63.1,12,12,27,3.84,4.68,-0.09,0.20,98.1,4.87,7,0.7,,0.0,1.3,14,.559,.504,"$3,850,000",Waivers
455,439,Adalberto Mejia*,24,MIN,98.0,21,21,52,4.78,4.72,0.16,0.20,101.2,4.82,0,0.0,,-0.1,0.9,11,.499,.500,"$535,000",Traded
456,440,Mark Melancon,32,SFG,30.0,32,0,16,4.80,4.67,-0.30,-0.33,101.3,4.71,0,0.0,1.61,-0.1,0.2,2,.499,.500,"$9,000,000",Free Agency
457,441,Keury Mella,23,CIN,4.0,2,0,3,6.75,4.85,0.18,-0.34,104.1,4.52,-1,-0.1,.13,0.0,0.0,-1,.451,.499,,Traded
458,442,Tim Melville,27,2TM,5.2,3,1,8,12.71,4.82,0.08,-0.03,93.9,4.42,-5,-0.4,.45,0.0,-0.3,-5,.356,.499,,Free Agency
459,443,Yohander Mendez*,22,TEX,12.1,7,0,9,6.57,5.33,-0.04,-0.37,117.4,5.87,-1,-0.1,.72,0.0,0.0,0,.485,.499,,Amateur Free Agent
460,444,Daniel Mengden,24,OAK,43.0,7,7,16,3.35,4.86,-0.27,0.21,100.0,5.34,9,1.0,,0.0,1.4,14,.644,.506,"$537,500",Traded
461,445,Ryan Merritt*,25,CLE,20.2,5,4,6,2.61,4.83,0.27,0.18,105.1,4.99,5,0.6,.00,0.0,0.8,8,.614,.504,,Amateur Draft
462,446,Alex Meyer,27,LAA,67.1,13,13,30,4.01,4.86,0.19,0.21,95.5,4.66,4,0.4,,0.0,1.1,12,.534,.503,,Traded
463,447,Keynan Middleton,23,LAA,58.1,64,0,25,3.86,5.01,0.21,-0.35,96.4,4.28,2,0.2,1.15,-0.2,0.7,9,.504,.501,,Amateur Draft
464,448,Wade Miley*,30,BAL,157.1,32,32,104,5.95,4.73,-0.16,0.20,99.7,5.07,-17,-1.6,,-0.1,-0.2,1,.450,.490,"$8,917,000",Traded
465,449,Andrew Miller*,32,CLE,62.2,57,0,11,1.58,4.79,0.14,-0.33,104.7,4.51,20,2.1,1.57,0.4,3.1,27,.536,.513,"$9,000,000",Traded
466,450,Shelby Miller,26,ARI,22.0,4,4,10,4.09,4.42,0.09,0.19,104.5,4.71,1,0.2,,0.0,0.3,4,.538,.501,"$4,700,000",Traded
467,Rk,Name,Age,Tm,IP,G,GS,R,RA9,RA9opp,RA9def,RA9role,PPFp,RA9avg,RAA,WAA,gmLI,WAAadj,WAR,RAR,waaWL%,162WL%,Salary,Acquired
468,451,Hoby Milner*,26,PHI,31.1,37,0,7,2.01,4.87,-0.33,-0.34,99.4,4.84,10,1.0,.83,-0.2,1.1,13,.527,.506,,Rule 5 returned
469,452,Tommy Milone*,30,2TM,48.1,17,8,43,8.01,4.78,-0.19,0.05,99.7,5.00,-16,-1.5,.48,0.0,-1.0,-12,.411,.495,"$1,250,000",Free Agency
470,453,Juan Minaya,26,CHW,43.2,40,0,22,4.53,4.83,-0.06,-0.34,98.3,4.48,-1,-0.1,1.20,-0.1,0.3,4,.498,.500,"$535,000",Waivers
471,454,Mike Minor*,29,KCR,77.2,65,0,23,2.67,4.87,-0.17,-0.34,103.0,4.84,18,1.9,1.48,0.2,2.9,27,.529,.512,"$4,000,000",Free Agency
472,455,A.J. Minter*,23,ATL,15.0,16,0,5,3.00,4.82,-0.13,-0.34,97.7,4.50,2,0.3,1.01,0.0,0.4,4,.516,.502,,Amateur Draft
473,456,Ariel Miranda*,28,SEA,160.0,31,29,93,5.23,4.96,0.09,0.20,95.7,4.85,-8,-0.8,.08,-0.1,0.7,10,.474,.495,"$540,500",Traded
474,457,Bryan Mitchell,26,NYY,32.2,20,1,24,6.61,4.85,0.13,-0.25,102.2,4.56,-8,-0.8,.32,0.1,-0.3,-4,.462,.495,"$550,625",Amateur Draft
475,458,Sam Moll*,25,OAK,6.2,11,0,8,10.80,5.11,-0.34,-0.36,101.0,5.14,-4,-0.4,.71,0.0,-0.3,-4,.462,.497,,Purchased
476,459,Frankie Montas,24,OAK,32.0,23,0,25,7.03,4.84,-0.26,-0.34,95.5,4.55,-9,-0.9,.59,0.1,-0.5,-6,.461,.495,"$537,500",Traded
477,460,Miguel Montero,33,CHC,1.0,1,0,0,0.00,4.97,0.16,-0.35,102.0,4.55,1,0.1,.03,0.0,0.0,1,.553,.500,"$14,000,000",Traded
478,461,Rafael Montero,26,NYM,119.0,34,18,75,5.67,4.72,-0.38,0.10,94.3,4.91,-11,-1.0,.70,-0.1,-0.1,1,.469,.494,"$541,400",Amateur Free Agent
479,462,Jordan Montgomery*,24,NYY,155.1,29,29,72,4.17,4.78,0.10,0.20,103.5,5.05,14,1.4,,-0.1,2.9,31,.550,.509,"$535,000",Amateur Draft
480,463,Mike Montgomery*,27,CHC,130.2,44,14,52,3.58,4.64,0.16,-0.03,99.8,4.44,12,1.2,.97,-0.2,2.2,24,.528,.508,,Traded
481,464,Andrew Moore,23,SEA,59.0,11,9,36,5.49,4.90,0.10,0.19,92.5,4.62,-6,-0.6,1.03,0.0,-0.1,0,.446,.496,,Amateur Draft
482,465,Matt Moore*,28,SFG,174.1,32,31,116,5.99,4.74,-0.31,0.20,99.0,5.19,-16,-1.6,.07,-0.1,-0.1,1,.451,.490,"$7,000,000",Traded
483,466,Mitch Moreland*,31,BOS,1.0,1,0,0,0.00,4.92,0.60,-0.34,108.0,4.29,0,0.0,.00,0.0,0.0,1,.549,.500,"$5,500,000",Free Agency
484,467,Diego Moreno,29,TBR,5.2,5,0,4,6.35,4.75,0.39,-0.33,93.8,3.78,-2,-0.2,1.20,0.0,-0.1,-1,.467,.499,,Free Agency
485,468,Adam Morgan*,27,PHI,54.2,37,0,25,4.12,4.80,-0.29,-0.34,99.0,4.71,3,0.3,.83,-0.2,0.7,9,.509,.502,"$539,000",Amateur Draft
486,469,Mike Morin,26,2TM,20.0,16,0,16,7.20,4.84,0.13,-0.34,101.4,4.44,-6,-0.6,.45,0.1,-0.3,-4,.461,.498,,Waivers
487,470,Reyes Moronta,24,SFG,6.2,7,0,2,2.70,4.76,-0.21,-0.33,103.1,4.78,2,0.2,.36,-0.1,0.2,2,.522,.501,,Amateur Free Agent
488,471,Akeel Morris,24,ATL,7.1,8,0,1,1.23,5.07,-0.16,-0.35,105.8,5.15,3,0.3,.57,-0.1,0.3,4,.541,.502,,Traded
489,472,Bryan Morris,30,SFG,21.0,20,0,16,6.86,4.74,-0.31,-0.33,102.1,4.82,-5,-0.5,.63,0.0,-0.3,-3,.476,.497,,Free Agency
490,473,Brandon Morrow,32,LAD,43.2,45,0,10,2.06,4.54,0.41,-0.32,94.7,3.62,7,0.8,1.16,0.0,1.1,12,.517,.505,,Free Agency
491,474,Charlie Morton,33,HOU,146.2,25,25,65,3.99,4.73,-0.08,0.20,91.0,4.56,8,0.8,,-0.1,2.2,24,.533,.505,"$7,000,000",Free Agency
492,475,Jason Motte,35,ATL,40.2,46,0,16,3.54,4.77,-0.18,-0.33,100.7,4.65,5,0.5,.88,-0.1,0.7,9,.511,.503,,Free Agency
493,Rk,Name,Age,Tm,IP,G,GS,R,RA9,RA9opp,RA9def,RA9role,PPFp,RA9avg,RAA,WAA,gmLI,WAAadj,WAR,RAR,waaWL%,162WL%,Salary,Acquired
494,476,Gabriel Moya*,22,MIN,6.1,7,0,3,4.26,4.63,0.15,-0.32,103.8,4.32,0,0.0,.55,0.0,0.1,1,.500,.500,,Traded
495,477,Peter Moylan,38,KCR,59.1,79,0,26,3.94,4.96,-0.19,-0.35,101.0,4.86,6,0.6,1.27,-0.1,1.1,12,.507,.503,"$1,000,000",Free Agency
496,478,Edward Mujica,33,DET,6.1,5,0,7,9.95,4.84,-0.41,-0.34,100.1,4.91,-4,-0.3,.91,0.0,-0.3,-3,.432,.498,,Free Agency
497,479,Joe Musgrove,24,HOU,109.1,38,15,59,4.86,4.77,-0.09,0.05,89.0,4.37,-7,-0.7,1.12,-0.2,0.3,5,.482,.496,"$543,400",Traded
498,480,Zach Neal,28,OAK,14.2,6,0,13,7.98,4.96,-0.33,-0.35,92.4,4.57,-6,-0.5,.11,0.2,-0.2,-4,.412,.497,,Free Agency
499,481,Jimmy Nelson,28,MIL,175.1,29,29,75,3.85,4.62,0.09,0.20,100.6,4.75,17,1.8,,-0.1,3.2,34,.562,.511,"$547,000",Amateur Draft
500,482,Hector Neris,28,PHI,74.2,74,0,26,3.13,4.80,-0.29,-0.34,98.4,4.68,13,1.3,1.46,0.1,2.1,20,.517,.508,"$557,500",Amateur Free Agent
501,483,Pat Neshek,36,2TM,62.1,71,0,13,1.88,4.64,-0.18,-0.32,105.7,4.74,20,2.0,1.40,0.2,2.8,26,.529,.507,"$6,500,000",Traded
502,484,Dovydas Neverauskas,24,PIT,25.1,24,0,11,3.91,4.78,0.00,-0.33,97.6,4.34,1,0.1,.73,-0.1,0.3,4,.505,.501,,Amateur Free Agent
503,485,Sean Newcomb*,24,ATL,100.0,19,19,51,4.59,4.76,-0.18,0.20,100.7,5.18,6,0.6,,-0.1,1.5,16,.534,.504,,Traded
504,486,Juan Nicasio,30,3TM,72.1,76,0,22,2.74,4.67,0.01,-0.33,98.2,4.25,12,1.2,1.43,0.1,2.0,19,.516,.505,"$3,650,000",Waivers
505,487,Brett Nicholas,28,TEX,1.0,1,0,4,36.00,5.46,-0.10,-0.38,120.0,6.22,-3,-0.3,.00,0.1,-0.1,-3,.249,.498,"$537,000",Amateur Draft
506,488,Justin Nicolino*,25,MIA,48.0,20,8,33,6.19,4.75,0.10,0.03,90.3,4.22,-11,-1.0,.58,0.0,-0.6,-6,.448,.494,,Traded
507,489,Aaron Nola,24,PHI,168.0,27,27,67,3.59,4.78,-0.29,0.20,98.2,5.18,29,3.2,,-0.1,4.5,45,.618,.520,"$544,000",Amateur Draft
508,490,Ricky Nolasco,34,LAA,181.0,33,33,102,5.07,4.94,0.24,0.21,95.2,4.68,-9,-0.9,,-0.1,0.7,11,.472,.494,"$12,000,000",Traded
509,491,Bud Norris,32,LAA,62.0,60,3,29,4.21,4.92,0.20,-0.27,94.7,4.22,0,0.0,1.52,-0.2,0.4,6,.499,.500,"$1,750,000",Free Agency
510,492,Daniel Norris*,24,DET,101.2,22,18,64,5.67,4.75,-0.36,0.17,100.8,5.32,-5,-0.5,.18,-0.1,0.5,7,.478,.497,"$545,500",Traded
511,493,Ivan Nova,30,PIT,187.0,31,31,96,4.62,4.72,0.00,0.20,99.4,4.89,5,0.5,,-0.1,2.0,23,.516,.503,"$7,666,000",Traded
512,494,Vidal Nuno III*,29,BAL,14.2,12,0,17,10.43,4.82,-0.19,-0.34,101.9,4.76,-9,-0.9,.41,0.2,-0.5,-8,.426,.495,,Traded
513,495,Darren O'Day,34,BAL,60.1,64,0,24,3.58,4.73,-0.12,-0.33,99.2,4.48,6,0.6,1.18,-0.1,1.1,12,.509,.503,"$7,000,000",Free Agency
514,496,Eric O'Flaherty*,32,ATL,18.1,22,0,16,7.85,4.88,-0.20,-0.34,96.5,4.57,-7,-0.7,.80,0.0,-0.5,-5,.470,.496,"$1,250,000",Purchased
515,497,Chris O'Grady*,27,MIA,33.0,13,6,16,4.36,4.68,0.08,0.09,93.2,4.37,0,0.0,.77,0.0,0.3,3,.499,.500,,Free Agency
516,498,Scott Oberg,27,COL,58.1,66,0,35,5.40,4.68,-0.03,-0.33,117.7,5.16,-2,-0.2,.97,-0.1,0.2,4,.497,.499,"$540,000",Amateur Draft
517,499,Jake Odorizzi,27,TBR,143.1,28,28,80,5.02,4.72,0.37,0.20,94.6,4.31,-13,-1.2,,-0.1,0.1,3,.456,.492,"$4,100,000",Traded
518,500,Seunghwan Oh,34,STL,59.1,62,0,31,4.70,4.70,0.13,-0.33,97.0,4.11,-4,-0.4,1.58,-0.3,-0.1,2,.493,.497,"$2,750,000",Free Agency
519,Rk,Name,Age,Tm,IP,G,GS,R,RA9,RA9opp,RA9def,RA9role,PPFp,RA9avg,RAA,WAA,gmLI,WAAadj,WAR,RAR,waaWL%,162WL%,Salary,Acquired
520,501,Steven Okert*,25,SFG,27.0,44,0,18,6.00,4.90,-0.29,-0.34,100.3,4.86,-4,-0.4,1.51,-0.2,-0.3,-1,.492,.498,,Amateur Draft
521,502,Tyler Olson*,27,CLE,20.0,30,0,0,0.00,4.91,0.18,-0.34,104.4,4.58,10,1.0,1.16,0.0,1.3,12,.535,.506,,Waivers
522,503,Josh Osich*,28,SFG,43.1,54,0,32,6.65,4.88,-0.29,-0.34,98.1,4.74,-9,-0.9,.84,0.0,-0.6,-5,.483,.494,,Amateur Draft
523,504,Roberto Osuna,22,TOR,64.0,66,0,26,3.66,4.82,-0.04,-0.34,101.9,4.61,6,0.6,1.83,0.1,1.4,13,.510,.504,"$552,400",Free Agency
524,505,Dan Otero,32,CLE,60.0,52,0,23,3.45,4.70,0.23,-0.33,105.1,4.35,6,0.6,.59,-0.3,0.9,12,.511,.503,"$1,050,000",Purchased
525,506,Adam Ottavino,31,COL,53.1,63,0,30,5.06,4.63,-0.03,-0.32,113.8,4.93,-1,-0.1,1.05,-0.1,0.3,4,.498,.499,"$2,100,000",Waivers
526,507,Dillon Overton*,25,2TM,23.0,10,2,19,7.43,4.79,0.08,-0.14,95.7,4.36,-8,-0.8,.20,0.2,-0.4,-6,.424,.496,"$536,600",Waivers
527,508,Emilio Pagan,26,SEA,50.1,34,0,20,3.58,4.88,0.08,-0.34,93.8,4.19,3,0.3,1.07,-0.1,0.7,9,.509,.502,,Amateur Draft
528,509,Eduardo Paredes,22,LAA,22.1,18,0,11,4.43,4.92,0.22,-0.34,97.6,4.25,-1,-0.1,.70,-0.1,0.1,2,.497,.500,,Amateur Free Agent
529,510,Edward Paredes*,30,LAD,8.1,10,0,3,3.24,4.70,0.39,-0.33,100.8,4.02,1,0.1,.86,0.0,0.1,1,.507,.500,,Rule 5 Draft
530,511,Blake Parker,32,LAA,67.1,71,0,20,2.67,4.88,0.17,-0.34,95.9,4.19,11,1.1,1.37,0.0,1.8,18,.516,.507,"$560,000",Waivers
531,512,David Paulino,23,HOU,29.0,6,6,21,6.52,4.71,-0.09,0.20,92.5,4.63,-6,-0.6,,0.0,-0.3,-3,.402,.496,"$536,100",Traded
532,513,James Paxton*,28,SEA,136.0,24,24,47,3.11,4.86,0.08,0.21,92.5,4.62,22,2.3,,-0.1,3.6,37,.597,.514,"$2,350,000",Amateur Draft
533,514,James Pazos*,26,SEA,53.2,59,0,30,5.03,4.95,0.08,-0.35,95.6,4.33,-5,-0.5,1.24,-0.2,-0.1,1,.492,.497,"$536,500",Traded
534,515,Brad Peacock,29,HOU,132.0,34,21,46,3.14,4.68,-0.07,0.12,94.3,4.59,20,2.1,.60,-0.2,3.2,35,.563,.513,"$541,500",Traded
535,516,Mike Pelfrey,33,CHW,120.0,34,21,87,6.53,4.71,-0.08,0.11,98.5,4.83,-24,-2.3,.52,0.0,-1.1,-10,.434,.486,"$8,000,000",Free Agency
536,517,Felix Pena,27,CHC,34.1,25,0,21,5.50,4.80,0.16,-0.34,100.8,4.34,-5,-0.5,.27,0.1,-0.1,-1,.482,.497,,Amateur Free Agent
537,518,Wandy Peralta*,25,CIN,64.2,69,0,28,3.90,4.68,0.12,-0.33,102.4,4.33,3,0.3,.98,-0.2,0.7,9,.504,.502,"$535,000",Amateur Free Agent
538,519,Wily Peralta,28,MIL,57.1,19,8,51,8.01,4.62,0.10,0.04,101.7,4.63,-22,-2.0,.79,0.0,-1.5,-16,.395,.488,"$4,275,000",Amateur Free Agent
539,520,Luis Perdomo,24,SDP,163.2,29,29,97,5.33,4.63,-0.02,0.20,98.8,4.79,-10,-1.0,,-0.1,0.3,5,.465,.494,"$544,300",Purchased
540,521,Hernan Perez,26,MIL,1.0,1,0,0,0.00,4.98,0.14,-0.35,106.0,4.76,1,0.1,.00,0.0,0.0,1,.555,.500,"$545,700",Waivers
541,522,Martin Perez*,26,TEX,185.0,32,32,108,5.25,4.85,-0.04,0.21,110.2,5.61,6,0.6,,-0.1,2.3,26,.519,.504,"$4,400,000",Amateur Free Agent
542,523,Oliver Perez*,35,WSN,33.0,50,0,17,4.64,5.04,-0.13,-0.35,101.3,4.88,1,0.1,1.12,-0.1,0.3,4,.502,.500,"$4,000,000",Free Agency
543,524,Glen Perkins*,34,MIN,5.2,8,0,6,9.53,4.69,0.21,-0.33,101.9,4.23,-3,-0.3,.07,0.1,-0.1,-3,.459,.498,"$6,500,000",Amateur Draft
544,525,Dillon Peters*,24,MIA,31.1,6,6,18,5.17,4.60,0.08,0.20,93.3,4.40,-3,-0.3,,0.0,0.0,0,.455,.498,,Amateur Draft
545,Rk,Name,Age,Tm,IP,G,GS,R,RA9,RA9opp,RA9def,RA9role,PPFp,RA9avg,RAA,WAA,gmLI,WAAadj,WAR,RAR,waaWL%,162WL%,Salary,Acquired
546,526,Yusmeiro Petit,32,LAA,91.1,60,1,32,3.15,4.83,0.19,-0.31,95.4,4.13,9,0.9,1.12,-0.2,1.7,19,.516,.506,"$2,250,000",Free Agency
547,527,Jake Petricka,29,CHW,25.2,27,0,21,7.36,4.90,-0.09,-0.34,98.5,4.57,-8,-0.8,1.07,-0.1,-0.7,-5,.470,.495,"$825,000",Amateur Draft
548,528,David Phelps,30,2TM,55.2,54,0,23,3.72,4.68,0.07,-0.33,91.2,3.90,1,0.1,1.37,-0.1,0.5,6,.502,.500,"$4,600,000",Traded
549,529,Tyler Pill,27,NYM,22.0,7,3,16,6.55,4.57,-0.40,0.06,91.3,4.59,-5,-0.5,.71,0.0,-0.3,-3,.433,.497,,Amateur Draft
550,530,Michael Pineda,28,NYY,96.1,17,17,55,5.14,4.75,0.10,0.20,102.3,4.96,-3,-0.3,,-0.1,0.6,8,.484,.498,"$7,400,000",Traded
551,531,Ricardo Pinto,23,PHI,29.2,25,0,28,8.49,4.86,-0.38,-0.34,95.0,4.65,-13,-1.2,.71,0.1,-0.9,-10,.450,.492,,Amateur Free Agent
552,532,Nick Pivetta,24,PHI,133.0,26,26,91,6.16,4.81,-0.31,0.20,98.4,5.24,-14,-1.4,,-0.1,-0.3,-1,.448,.492,,Traded
553,533,Kevin Plawecki,26,NYM,3.0,2,0,4,12.00,4.89,-0.58,-0.34,106.0,5.43,-2,-0.2,.00,0.1,-0.1,-2,.398,.499,,Amateur Draft
554,534,Drew Pomeranz*,28,BOS,173.2,32,32,69,3.58,4.82,0.42,0.21,103.8,4.78,22,2.3,,-0.1,3.9,41,.572,.514,"$4,450,000",Traded
555,535,Rick Porcello,28,BOS,203.1,33,33,125,5.53,4.72,0.47,0.20,104.2,4.65,-22,-2.1,,-0.1,-0.2,1,.437,.487,"$20,125,000",Traded
556,536,Brooks Pounders,26,LAA,10.1,11,0,12,10.45,4.84,0.26,-0.34,99.1,4.20,-7,-0.7,.36,0.2,-0.4,-6,.437,.496,,Traded
557,537,Max Povse,23,SEA,3.2,3,0,5,12.27,4.77,0.14,-0.33,91.7,3.94,-3,-0.3,.16,0.1,-0.2,-3,.395,.498,,Traded
558,538,Ryan Pressly,28,MIN,61.1,57,0,34,4.99,4.75,0.14,-0.33,101.2,4.33,-5,-0.5,1.03,-0.2,-0.1,2,.491,.497,"$1,175,000",Rule 5 Draft
559,539,David Price*,31,BOS,74.2,16,11,30,3.62,4.91,0.42,0.15,102.6,4.76,9,0.9,1.10,-0.1,1.6,17,.558,.506,"$30,000,000",Free Agency
560,540,Austin Pruitt,27,TBR,83.0,30,8,55,5.96,4.82,0.43,-0.03,97.1,4.23,-17,-1.6,.68,0.0,-0.8,-7,.446,.490,"$535,000",Amateur Draft
561,541,Zach Putnam,29,CHW,8.2,7,0,1,1.04,5.04,-0.05,-0.35,99.6,4.72,3,0.4,1.15,0.0,0.5,4,.552,.502,"$1,175,000",Free Agency
562,542,Kevin Quackenbush,28,SDP,26.1,20,0,23,7.86,4.75,-0.02,-0.33,105.4,4.68,-9,-0.9,.63,0.1,-0.6,-7,.454,.494,,Amateur Draft
563,543,Chad Qualls,38,COL,16.2,19,0,11,5.94,4.66,-0.04,-0.33,114.4,5.00,-2,-0.2,.58,0.0,0.0,0,.490,.499,"$3,750,000",Free Agency
564,544,Jose Quintana*,28,2TM,188.2,32,32,92,4.39,4.65,0.03,0.20,100.6,4.85,9,0.9,,-0.1,2.5,28,.528,.503,"$7,000,000",Traded
565,545,Carlos Ramirez,26,TOR,16.2,12,0,5,2.70,4.82,-0.04,-0.34,104.0,4.70,4,0.4,1.29,0.0,0.5,5,.531,.502,,Amateur Free Agent
566,546,Erasmo Ramirez,27,2TM,131.1,37,19,70,4.80,4.83,0.25,0.10,95.8,4.48,-6,-0.6,1.35,-0.2,0.6,9,.485,.497,"$3,125,000",Traded
567,547,JC Ramirez,28,LAA,147.1,27,24,72,4.40,4.87,0.23,0.19,97.1,4.69,4,0.4,.86,-0.1,1.7,20,.513,.502,"$550,000",Waivers
568,548,Jose Ramirez,27,ATL,62.0,68,0,26,3.77,4.79,-0.17,-0.34,100.1,4.62,6,0.6,1.31,-0.1,1.1,12,.508,.504,"$536,250",Traded
569,549,Neil Ramirez,28,2TM,31.1,29,0,30,8.62,4.75,-0.32,-0.33,96.8,4.57,-14,-1.3,.65,0.1,-1.0,-11,.453,.496,"$750,000",Free Agency
570,550,Noe Ramirez,27,2TM,13.0,12,0,5,3.46,4.94,0.25,-0.34,96.1,4.19,1,0.1,1.04,0.0,0.2,2,.508,.501,,Amateur Draft
571,Rk,Name,Age,Tm,IP,G,GS,R,RA9,RA9opp,RA9def,RA9role,PPFp,RA9avg,RAA,WAA,gmLI,WAAadj,WAR,RAR,waaWL%,162WL%,Salary,Acquired
572,551,AJ Ramos,30,2TM,58.2,61,0,27,4.14,4.72,-0.06,-0.33,92.3,4.11,0,0.0,1.41,-0.2,0.3,5,.499,.500,"$6,550,000",Amateur Draft
573,552,Edubray Ramos,24,PHI,57.2,59,0,29,4.53,4.87,-0.29,-0.34,98.5,4.74,1,0.1,1.08,-0.1,0.5,7,.502,.501,"$540,000",Free Agency
574,553,Josh Ravin,29,LAD,16.2,14,0,12,6.48,4.74,0.41,-0.33,98.5,3.94,-5,-0.5,.93,0.0,-0.3,-3,.466,.497,"$545,000",Free Agency
575,554,Robbie Ray*,25,ARI,162.0,28,28,57,3.17,4.52,0.07,0.19,105.7,4.90,31,3.4,,-0.1,4.7,46,.620,.521,"$570,400",Traded
576,555,Addison Reed,28,2TM,76.0,77,0,24,2.84,4.71,-0.11,-0.33,97.8,4.37,13,1.3,1.63,0.2,2.2,20,.517,.504,"$7,750,000",Traded
577,556,Cody Reed*,24,CIN,17.2,12,1,11,5.60,4.59,0.11,-0.32,102.9,4.28,-3,-0.3,.70,0.0,-0.1,-1,.478,.498,"$537,000",Traded
578,557,Zac Reininger,24,DET,9.2,10,0,8,7.45,4.89,-0.45,-0.34,103.3,5.17,-3,-0.3,.14,0.1,-0.1,-1,.475,.498,,Amateur Draft
579,558,Jacob Rhame,24,NYM,9.0,9,0,9,9.00,4.85,-0.43,-0.34,92.8,4.58,-4,-0.4,.56,0.1,-0.3,-4,.452,.497,,Traded
580,559,Clayton Richard*,33,SDP,197.1,32,32,114,5.20,4.68,-0.02,0.20,98.4,4.82,-9,-0.9,,-0.1,0.7,10,.472,.495,"$1,750,000",Free Agency
581,560,Garrett Richards,29,LAA,27.2,6,6,8,2.60,5.19,0.20,0.22,91.6,4.77,6,0.7,,0.0,1.0,10,.617,.504,"$6,850,000",Amateur Draft
582,561,Yacksel Rios,24,PHI,16.1,13,0,8,4.41,4.89,-0.31,-0.34,97.7,4.74,1,0.1,.47,-0.1,0.2,2,.504,.500,,Amateur Draft
583,562,Tanner Roark,30,WSN,181.1,32,30,105,5.21,4.68,-0.15,0.18,102.9,5.15,-2,-0.2,.43,-0.1,1.3,16,.494,.499,"$4,315,000",Traded
584,563,David Robertson,32,2TM,68.1,61,0,14,1.84,4.73,0.01,-0.33,101.9,4.48,19,2.0,1.47,0.2,2.9,27,.533,.506,"$12,000,000",Free Agency
585,564,Hansel Robles,26,NYM,56.2,46,0,31,4.92,4.77,-0.33,-0.33,95.1,4.54,-3,-0.3,1.21,-0.2,0.1,3,.494,.498,"$553,125",Amateur Free Agent
586,565,Fernando Rodney,40,ARI,55.1,61,0,29,4.72,4.66,0.08,-0.33,108.2,4.61,-1,-0.1,1.88,-0.2,0.2,4,.499,.499,"$2,750,000",Free Agency
587,566,Carlos Rodon*,24,CHW,69.1,12,12,35,4.54,5.01,-0.07,0.21,99.3,5.26,5,0.5,,0.0,1.1,13,.543,.503,"$600,000",Amateur Draft
588,567,Eduardo Rodriguez*,24,BOS,137.1,25,24,66,4.33,4.80,0.40,0.20,103.2,4.75,5,0.5,.13,-0.1,1.8,21,.522,.503,"$584,500",Traded
589,568,Francisco Rodriguez,35,DET,25.1,28,0,23,8.17,4.74,-0.37,-0.33,100.7,4.81,-10,-0.9,1.41,-0.3,-1.0,-7,.466,.494,"$6,000,000",Traded
590,569,Joely Rodriguez*,25,PHI,27.0,26,0,26,8.67,4.97,-0.39,-0.35,98.9,4.95,-11,-1.1,1.13,-0.1,-1.0,-9,.458,.493,"$535,000",Traded
591,570,Ricardo Rodriguez,24,TEX,13.0,16,0,9,6.23,5.05,-0.04,-0.35,110.5,5.23,-2,-0.2,1.17,-0.1,-0.1,0,.490,.499,,Amateur Free Agent
592,571,Richard Rodriguez,27,BAL,5.2,5,0,9,14.29,4.99,-0.21,-0.35,100.8,4.90,-6,-0.5,.31,0.2,-0.3,-5,.391,.497,,Purchased
593,572,Chaz Roe,30,2TM,10.2,12,0,5,4.22,5.09,0.14,-0.36,97.6,4.48,0,0.1,.74,0.0,0.1,1,.504,.501,"$720,000",Waivers
594,573,Taylor Rogers*,26,MIN,55.2,69,0,20,3.23,4.78,0.15,-0.33,101.0,4.34,6,0.6,1.43,0.0,1.2,13,.509,.504,"$542,500",Amateur Draft
595,574,Sal Romano,23,CIN,87.0,16,16,49,5.07,4.64,0.14,0.20,102.9,4.84,-3,-0.3,,-0.1,0.5,6,.484,.498,,Amateur Draft
596,575,Enny Romero*,26,WSN,55.2,53,0,26,4.20,4.73,-0.14,-0.33,101.2,4.59,2,0.2,1.01,-0.1,0.6,7,.504,.501,"$551,000",Traded
597,Rk,Name,Age,Tm,IP,G,GS,R,RA9,RA9opp,RA9def,RA9role,PPFp,RA9avg,RAA,WAA,gmLI,WAAadj,WAR,RAR,waaWL%,162WL%,Salary,Acquired
598,576,Andrew Romine,31,DET,1.0,2,0,0,0.00,4.57,-0.45,-0.32,103.7,4.88,1,0.1,1.25,0.0,0.1,1,.528,.500,"$1,300,000",Traded
599,577,Sergio Romo,34,2TM,55.2,55,0,23,3.72,4.71,0.37,-0.33,96.4,3.86,1,0.1,1.05,-0.1,0.6,6,.501,.500,"$3,000,000",Free Agency
600,578,Bruce Rondon,26,DET,15.2,21,0,19,10.91,4.85,-0.31,-0.34,103.1,4.97,-10,-1.0,1.12,-0.1,-1.0,-9,.452,.494,"$850,000",Amateur Free Agent
601,579,Hector Rondon,29,CHC,57.1,61,0,30,4.71,4.63,0.14,-0.32,101.6,4.23,-3,-0.3,.86,-0.1,0.1,2,.495,.498,"$5,800,000",Rule 5 Draft
602,580,Randy Rosario*,23,MIN,2.1,2,0,8,30.86,4.65,0.26,-0.32,92.4,3.75,-7,-0.5,.18,0.2,-0.3,-7,.239,.497,,Amateur Free Agent
603,581,Trevor Rosenthal,27,STL,47.2,50,0,20,3.78,4.71,0.09,-0.33,98.3,4.22,2,0.2,1.62,-0.1,0.6,7,.504,.501,"$6,400,000",Amateur Draft
604,582,Joe Ross,24,WSN,73.2,13,13,44,5.38,4.70,-0.15,0.20,105.0,5.30,-1,-0.1,,-0.1,0.5,6,.493,.499,,Traded
605,583,Robbie Ross*,28,BOS,9.0,8,0,7,7.00,4.80,0.46,-0.34,103.7,4.16,-3,-0.3,.68,0.0,-0.2,-2,.464,.498,"$1,825,000",Traded
606,584,Tyson Ross,30,TEX,49.0,12,10,46,8.45,4.86,-0.04,0.17,109.5,5.56,-16,-1.5,.06,0.0,-1.0,-11,.379,.491,"$6,000,000",Free Agency
607,585,Zac Rosscup*,29,2TM,7.2,10,0,4,4.70,4.67,-0.01,-0.33,106.7,4.65,0,0.0,.34,0.0,0.0,1,.499,.500,,Free Agency
608,586,Chris Rowley,26,TOR,18.2,6,3,14,6.75,4.60,-0.06,0.06,102.0,4.81,-4,-0.4,.98,0.0,-0.2,-2,.434,.498,,Amateur Free Agent
609,587,Drew Rucinski,28,MIN,4.1,2,0,5,10.38,4.88,0.19,-0.34,102.0,4.44,-3,-0.3,.19,0.1,-0.1,-2,.370,.498,,Free Agency
610,588,Carlos Ruiz,38,SEA,1.0,1,0,1,9.00,5.18,0.12,-0.36,102.0,4.80,0,0.0,.00,0.0,0.0,0,.454,.500,"$4,500,000",Traded
611,589,Jose Ruiz,22,SDP,1.0,1,0,0,0.00,4.89,-0.02,-0.34,94.0,4.29,0,0.0,.13,0.0,0.0,1,.550,.500,,Amateur Free Agent
612,590,Dan Runzler*,32,PIT,4.0,8,0,4,9.00,5.09,0.00,-0.36,103.0,4.88,-2,-0.2,.62,0.0,-0.1,-1,.477,.499,,Free Agency
613,591,Chris Rusin*,30,COL,85.0,60,0,31,3.28,4.68,-0.03,-0.33,113.4,4.97,16,1.6,1.19,-0.1,2.3,24,.527,.510,"$545,000",Waivers
614,592,Kyle Ryan*,25,DET,5.2,8,0,5,7.94,4.86,-0.42,-0.34,102.4,5.06,-2,-0.2,1.67,-0.1,-0.2,-1,.477,.499,"$546,400",Amateur Draft
615,593,Hyun-Jin Ryu*,30,LAD,126.2,25,24,58,4.12,4.64,0.48,0.18,99.1,4.30,2,0.2,.92,-0.1,1.2,14,.508,.501,"$7,833,000",Purchased
616,594,Marc Rzepczynski*,31,SEA,31.1,64,0,16,4.60,5.27,0.08,-0.37,96.0,4.62,0,0.0,1.61,-0.1,0.2,3,.500,.500,"$5,500,000",Free Agency
617,595,CC Sabathia*,36,NYY,148.2,27,27,64,3.87,4.61,0.10,0.20,102.7,4.83,15,1.5,,-0.1,2.9,31,.556,.509,"$25,000,000",Free Agency
618,596,Fernando Salas,32,2TM,58.2,61,0,39,5.98,4.79,-0.26,-0.34,94.2,4.44,-10,-1.0,.95,-0.2,-0.7,-5,.483,.494,"$3,000,000",Free Agency
619,597,Danny Salazar,27,CLE,103.0,23,19,51,4.46,4.73,0.17,0.17,103.4,4.90,4,0.4,.24,-0.1,1.4,16,.519,.503,"$3,400,000",Amateur Free Agent
620,598,Chris Sale*,28,BOS,214.1,32,32,73,3.07,4.71,0.34,0.20,102.7,4.70,37,4.0,,-0.1,6.0,61,.626,.525,"$12,000,000",Traded
621,599,Jeff Samardzija,32,SFG,207.2,32,32,107,4.64,4.66,-0.28,0.20,99.3,5.10,10,1.0,,-0.1,2.7,30,.532,.506,"$19,800,000",Free Agency
622,600,Aaron Sanchez,24,TOR,36.0,8,8,24,6.00,4.79,-0.06,0.18,101.5,5.10,-4,-0.4,,0.0,-0.1,0,.453,.498,"$535,000",Amateur Draft
623,Rk,Name,Age,Tm,IP,G,GS,R,RA9,RA9opp,RA9def,RA9role,PPFp,RA9avg,RAA,WAA,gmLI,WAAadj,WAR,RAR,waaWL%,162WL%,Salary,Acquired
624,601,Angel Sanchez,27,PIT,12.1,8,0,12,8.76,4.93,0.00,-0.35,100.0,4.59,-6,-0.6,.52,0.1,-0.3,-5,.431,.497,,Free Agency
625,602,Anibal Sanchez,33,DET,105.1,28,17,81,6.92,4.73,-0.37,0.10,102.9,5.34,-19,-1.9,.33,0.0,-0.8,-8,.434,.489,"$16,800,000",Traded
626,603,Edgar Santana,25,PIT,18.0,19,0,8,4.00,4.72,0.00,-0.33,98.0,4.31,1,0.1,.90,0.0,0.2,2,.503,.500,,Amateur Free Agent
627,604,Ervin Santana,34,MIN,211.1,33,33,85,3.62,4.72,0.15,0.20,101.3,4.84,27,2.9,,-0.1,4.8,50,.587,.518,"$13,500,000",Free Agency
628,605,Hector Santiago*,29,MIN,70.1,15,14,44,5.63,4.71,0.16,0.19,103.1,4.89,-6,-0.6,2.34,-0.1,0.0,1,.458,.496,"$8,000,000",Traded
629,606,Luis Santos,26,TOR,16.2,10,0,5,2.70,4.81,-0.05,-0.34,103.4,4.67,4,0.4,1.13,0.0,0.5,5,.536,.502,,Free Agency
630,607,Luis Sardinas,24,SDP,1.0,1,0,0,0.00,4.77,-0.03,-0.33,94.0,4.19,0,0.0,.00,0.0,0.0,1,.548,.500,,Traded
631,608,Warwick Saupold,27,DET,62.2,45,0,36,5.17,4.69,-0.36,-0.29,102.9,4.89,-2,-0.2,.72,-0.1,0.3,5,.495,.498,,Amateur Free Agent
632,609,Rob Scahill,30,MIL,22.1,18,0,14,5.64,4.62,0.11,-0.32,100.0,4.19,-4,-0.4,.94,0.0,-0.2,-2,.480,.498,,Waivers
633,610,Tanner Scheppers,30,TEX,4.0,5,0,3,6.75,4.97,-0.04,-0.35,113.3,5.29,-1,-0.1,1.18,0.0,-0.1,0,.486,.500,"$975,000",Amateur Draft
634,611,Max Scherzer,32,WSN,200.2,31,31,62,2.78,4.67,-0.11,0.20,101.1,5.03,49,5.6,,-0.1,7.2,69,.679,.534,"$22,143,000",Free Agency
635,612,A.J. Schugel,28,PIT,32.0,32,0,8,2.25,4.71,0.00,-0.33,100.3,4.40,8,0.8,.83,-0.1,0.9,11,.524,.505,,Waivers
636,613,Robby Scott*,27,BOS,35.2,57,0,16,4.04,5.05,0.39,-0.35,106.8,4.60,2,0.2,1.41,-0.1,0.5,6,.503,.501,"$537,000",Free Agency
637,614,Tanner Scott*,22,BAL,1.2,2,0,2,10.80,4.57,-0.15,-0.32,98.0,4.31,-1,-0.1,.02,0.1,-0.1,-1,.442,.499,,Amateur Draft
638,615,Evan Scribner,31,SEA,7.1,8,0,9,11.05,5.31,0.11,-0.37,92.9,4.49,-5,-0.5,.64,0.1,-0.4,-5,.436,.497,"$907,500",Traded
639,616,Troy Scribner,25,LAA,23.2,10,4,14,5.32,4.71,0.22,0.04,94.9,4.30,-3,-0.3,.80,0.0,-0.1,0,.472,.498,,Purchased
640,617,Antonio Senzatela,22,COL,134.2,36,20,72,4.81,4.56,-0.03,0.10,118.3,5.55,11,1.1,.54,-0.2,2.1,23,.531,.507,"$535,000",Amateur Free Agent
641,618,Luis Severino,23,NYY,193.1,31,31,73,3.40,4.75,0.09,0.20,102.7,5.00,33,3.5,,-0.1,5.3,54,.615,.522,"$550,975",Amateur Free Agent
642,619,Paul Sewald,27,NYM,65.1,57,0,36,4.96,4.72,-0.35,-0.33,94.7,4.48,-4,-0.4,1.05,-0.2,0.1,3,.493,.498,,Amateur Draft
643,620,Kevin Shackelford,28,CIN,30.2,26,0,16,4.70,4.72,0.12,-0.33,101.2,4.33,-1,-0.1,.74,-0.1,0.1,2,.495,.499,,Free Agency
644,621,Bryan Shaw,29,CLE,76.2,79,0,36,4.23,4.72,0.20,-0.33,104.8,4.39,1,0.1,1.22,-0.2,0.6,9,.501,.500,"$4,600,000",Traded
645,622,Jimmie Sherfy,25,ARI,10.2,11,0,0,0.00,4.60,0.08,-0.32,110.6,4.65,5,0.6,.87,-0.1,0.6,6,.552,.504,,Amateur Draft
646,623,Ryan Sherriff*,27,STL,14.1,13,0,5,3.14,4.53,0.11,-0.32,96.2,3.94,1,0.1,.98,0.0,0.2,3,.510,.501,,Amateur Draft
647,624,James Shields,35,CHW,117.0,21,21,72,5.54,4.78,-0.08,0.20,99.2,5.01,-8,-0.8,,-0.1,0.3,5,.464,.495,"$21,000,000",Traded
648,625,Braden Shipley,25,ARI,25.0,10,3,18,6.48,4.86,0.11,0.05,103.0,4.95,-4,-0.4,.39,0.0,-0.2,-2,.457,.497,,Amateur Draft
649,Rk,Name,Age,Tm,IP,G,GS,R,RA9,RA9opp,RA9def,RA9role,PPFp,RA9avg,RAA,WAA,gmLI,WAAadj,WAR,RAR,waaWL%,162WL%,Salary,Acquired
650,626,Matt Shoemaker,30,LAA,77.2,14,14,41,4.75,5.09,0.22,0.22,91.9,4.68,-1,-0.1,,-0.1,0.6,7,.491,.499,"$3,325,000",Amateur Free Agent
651,627,Chasen Shreve*,26,NYY,45.1,44,0,20,3.97,4.88,0.09,-0.34,102.6,4.57,3,0.3,.91,-0.1,0.6,8,.506,.502,"$552,425",Traded
652,628,Kevin Siegrist*,27,2TM,39.1,46,0,21,4.81,4.75,0.06,-0.33,96.3,4.20,-3,-0.3,.89,-0.1,0.0,1,.494,.498,"$1,637,500",Waivers
653,629,Shae Simmons,26,SEA,7.2,9,0,6,7.04,5.00,0.07,-0.35,93.5,4.29,-2,-0.2,.69,0.0,-0.2,-2,.474,.499,"$536,200",Traded
654,630,Lucas Sims,23,ATL,57.2,14,10,37,5.77,4.88,-0.20,0.15,100.3,5.23,-4,-0.4,.84,0.0,0.1,2,.474,.498,,Amateur Draft
655,631,Tony Sipp*,33,HOU,37.1,46,0,25,6.03,4.87,-0.09,-0.34,93.5,4.31,-7,-0.7,.58,0.0,-0.3,-3,.484,.495,"$6,000,000",Free Agency
656,632,Tyler Skaggs*,25,LAA,85.0,16,16,46,4.87,4.91,0.23,0.21,96.5,4.72,-2,-0.2,,-0.1,0.6,7,.487,.499,"$555,000",Traded
657,633,Eric Skoglund*,24,KCR,18.0,7,5,20,10.00,4.78,-0.26,0.05,103.1,5.24,-10,-0.9,-.01,0.1,-0.6,-8,.376,.495,,Amateur Draft
658,634,Dan Slania,25,SFG,1.0,1,0,0,0.00,4.37,-0.31,-0.31,96.0,4.20,0,0.0,.02,0.0,0.0,1,.549,.500,,Amateur Draft
659,635,Aaron Slegers,24,MIN,15.1,4,3,12,7.04,4.76,0.16,0.18,99.1,4.74,-4,-0.4,.07,0.0,-0.2,-2,.406,.498,,Amateur Draft
660,636,Caleb Smith*,25,NYY,18.2,9,2,16,7.71,4.91,0.11,-0.14,103.5,4.83,-6,-0.6,.25,0.1,-0.3,-4,.435,.496,,Rule 5 returned
661,637,Carson Smith,27,BOS,6.2,8,0,1,1.35,4.72,0.40,-0.33,106.1,4.24,2,0.2,.89,0.0,0.3,3,.527,.501,"$556,750",Traded
662,638,Chris Smith,36,OAK,55.2,14,9,45,7.28,4.63,-0.32,0.11,94.3,4.77,-16,-1.5,.27,0.0,-0.9,-10,.395,.491,,Free Agency
663,639,Chris Smith,28,TOR,5.0,4,0,3,5.40,4.84,-0.07,-0.34,104.9,4.79,0,0.0,.27,0.0,0.0,0,.491,.500,,Free Agency
664,640,Joe Smith,33,2TM,54.0,59,0,20,3.33,4.76,0.04,-0.33,101.6,4.45,6,0.6,1.44,0.0,1.2,12,.511,.502,"$3,000,000",Traded
665,641,Josh Smith,29,OAK,35.0,26,0,20,5.14,5.02,-0.29,-0.35,91.7,4.55,-3,-0.3,.50,0.0,0.1,1,.490,.498,,Waivers
666,642,Josh Smoker*,28,NYM,56.1,54,0,34,5.43,4.83,-0.36,-0.30,93.8,4.59,-5,-0.6,.93,-0.1,-0.2,0,.490,.497,"$536,625",Free Agency
667,643,Blake Snell*,24,TBR,129.1,24,24,65,4.52,4.86,0.37,0.21,96.5,4.54,-1,-0.1,,-0.1,1.1,14,.497,.499,"$545,000",Amateur Draft
668,644,Miguel Socolovich,30,STL,18.2,15,0,20,9.64,4.78,0.14,-0.33,98.2,4.22,-11,-1.1,.43,0.3,-0.7,-10,.428,.493,"$537,500",Free Agency
669,645,Sammy Solis*,28,WSN,26.0,30,0,17,5.88,4.82,-0.13,-0.34,99.9,4.61,-4,-0.4,1.09,-0.1,-0.2,-1,.487,.498,"$545,700",Amateur Draft
670,646,Joakim Soria,33,KCR,56.0,59,0,24,3.86,4.87,-0.18,-0.34,101.3,4.77,5,0.5,1.44,0.0,1.1,11,.509,.503,"$8,000,000",Free Agency
671,647,Glenn Sparkman,25,TOR,1.0,2,0,7,63.00,4.58,-0.16,-0.32,104.0,4.60,-6,-0.5,.76,0.1,-0.4,-6,.253,.497,,Rule 5 Draft
672,648,Craig Stammen,33,SDP,80.1,60,0,29,3.25,4.68,-0.02,-0.33,98.2,4.29,9,0.9,1.25,-0.1,1.6,17,.515,.506,"$900,000",Free Agency
673,649,Ryne Stanek,25,TBR,20.0,21,0,13,5.85,4.93,0.35,-0.34,95.5,4.04,-4,-0.4,.95,0.0,-0.3,-2,.480,.497,,Amateur Draft
674,650,Drew Steckenrider,26,MIA,34.2,37,0,13,3.38,4.69,0.06,-0.33,95.1,4.09,3,0.3,1.33,0.0,0.5,6,.507,.502,,Amateur Draft
675,Rk,Name,Age,Tm,IP,G,GS,R,RA9,RA9opp,RA9def,RA9role,PPFp,RA9avg,RAA,WAA,gmLI,WAAadj,WAR,RAR,waaWL%,162WL%,Salary,Acquired
676,651,Jackson Stephens,23,CIN,25.0,7,4,13,4.68,4.75,0.12,0.07,102.1,4.79,0,0.0,.35,0.0,0.2,3,.503,.500,,Amateur Draft
677,652,Robert Stephenson,24,CIN,84.2,25,11,52,5.53,4.62,0.13,0.03,101.6,4.60,-9,-0.9,.61,-0.1,-0.2,-1,.465,.495,"$535,000",Amateur Draft
678,653,Brock Stewart,25,LAD,34.1,17,4,18,4.72,4.60,0.46,-0.12,95.9,3.86,-3,-0.3,.39,0.0,0.0,0,.480,.498,"$537,500",Amateur Draft
679,654,Drew Storen,29,CIN,54.2,58,0,32,5.27,4.67,0.13,-0.33,102.7,4.33,-6,-0.6,.75,-0.1,-0.2,-1,.490,.496,"$3,000,000",Free Agency
680,655,Matt Strahm*,25,KCR,34.2,24,3,22,5.71,4.81,-0.18,-0.15,100.5,4.86,-4,-0.4,.92,-0.1,-0.1,0,.485,.498,"$538,900",Amateur Draft
681,656,Dan Straily,28,MIA,181.2,33,33,90,4.46,4.60,0.08,0.20,91.4,4.31,-4,-0.4,,-0.1,1.1,14,.489,.498,"$552,100",Traded
682,657,Stephen Strasburg,28,WSN,175.1,28,28,55,2.82,4.75,-0.12,0.20,100.7,5.11,44,4.9,,-0.1,6.4,61,.676,.530,"$18,333,334",Amateur Draft
683,658,Chris Stratton,26,SFG,58.2,13,10,25,3.84,4.65,-0.29,0.13,104.0,5.27,9,1.0,.46,-0.1,1.4,15,.575,.506,,Amateur Draft
684,659,Huston Street,33,LAA,4.0,4,0,0,0.00,4.94,0.20,-0.34,96.0,4.21,2,0.2,.18,-0.1,0.1,2,.548,.501,"$9,000,000",Traded
685,660,Hunter Strickland,28,SFG,61.1,68,0,20,2.93,4.69,-0.28,-0.33,99.2,4.60,11,1.1,1.43,0.1,1.8,17,.517,.507,"$555,000",Waivers
686,661,Ross Stripling,27,LAD,74.1,49,2,31,3.75,4.63,0.46,-0.29,97.9,3.80,0,0.0,1.01,-0.2,0.5,7,.500,.500,"$540,000",Amateur Draft
687,662,Marcus Stroman,26,TOR,201.0,33,33,82,3.67,4.83,-0.05,0.21,102.1,5.19,32,3.5,,-0.1,5.3,55,.606,.521,"$3,400,000",Amateur Draft
688,663,Pedro Strop,32,CHC,60.1,69,0,22,3.28,4.62,0.14,-0.32,100.7,4.19,6,0.6,1.32,-0.1,1.1,12,.509,.504,"$5,500,000",Traded
689,664,Daniel Stumpf*,26,DET,37.2,55,0,16,3.82,4.90,-0.33,-0.34,103.7,5.07,5,0.5,.98,-0.1,0.8,9,.509,.503,,Rule 5 Draft
690,665,Albert Suarez,27,SFG,31.2,18,0,18,5.12,4.64,-0.27,-0.32,98.6,4.52,-2,-0.2,.83,-0.1,0.0,1,.488,.499,,Free Agency
691,666,Jesus Sucre,29,TBR,1.0,1,0,3,27.00,5.88,0.65,-0.41,86.0,4.14,-3,-0.2,.02,0.1,-0.1,-2,.293,.499,"$630,000",Traded
692,667,Brent Suter*,27,MIL,81.2,22,14,33,3.64,4.75,0.10,0.13,100.9,4.82,10,1.1,.76,-0.1,1.7,18,.550,.507,,Amateur Draft
693,668,Anthony Swarzak,31,2TM,77.1,70,0,21,2.44,4.76,-0.01,-0.33,101.5,4.50,17,1.8,1.54,0.3,2.8,25,.525,.506,"$900,000",Free Agency
694,669,Noah Syndergaard,24,NYM,30.1,7,7,14,4.15,4.85,-0.35,0.19,90.3,4.87,2,0.2,,0.0,0.5,5,.534,.501,"$605,500",Traded
695,670,Jameson Taillon,25,PIT,133.2,25,25,69,4.65,4.69,0.00,0.20,97.9,4.78,2,0.2,,-0.1,1.3,14,.506,.501,"$555,000",Amateur Draft
696,671,Masahiro Tanaka,28,NYY,178.1,30,30,100,5.05,4.63,0.10,0.20,103.3,4.88,-5,-0.5,,-0.1,1.1,15,.484,.497,"$22,000,000",Free Agency
697,672,Ben Taylor,24,BOS,17.1,14,0,10,5.19,4.83,0.45,-0.34,104.2,4.21,-2,-0.2,1.02,-0.1,-0.1,0,.486,.499,"$535,000",Amateur Draft
698,673,Junichi Tazawa,31,MIA,55.1,55,0,35,5.69,4.77,0.08,-0.33,91.9,4.00,-11,-1.1,1.11,-0.2,-0.8,-5,.481,.493,"$5,000,000",Free Agency
699,674,Julio Teheran,26,ATL,188.1,32,32,103,4.92,4.70,-0.19,0.20,99.0,5.04,2,0.2,,-0.1,1.7,20,.506,.501,"$6,300,000",Amateur Free Agent
700,675,Ryan Tepera,29,TOR,77.2,73,0,35,4.06,4.82,-0.04,-0.34,101.6,4.60,4,0.4,1.17,-0.2,1.0,13,.506,.503,"$542,700",Amateur Draft
701,Rk,Name,Age,Tm,IP,G,GS,R,RA9,RA9opp,RA9def,RA9role,PPFp,RA9avg,RAA,WAA,gmLI,WAAadj,WAR,RAR,waaWL%,162WL%,Salary,Acquired
702,676,Nick Tepesch,28,2TM,15.2,4,4,15,8.62,4.82,-0.02,0.21,103.3,5.22,-6,-0.4,,0.0,-0.2,-4,.412,.499,"$1,000,000",Free Agency
703,677,Jesen Therrien,24,PHI,18.1,15,0,17,8.35,4.65,-0.40,-0.33,96.4,4.56,-8,-0.8,.41,0.2,-0.4,-6,.450,.495,,Amateur Draft
704,678,Jake Thompson,23,PHI,46.1,11,8,27,5.24,4.99,-0.34,0.15,96.9,5.31,0,0.0,.70,0.0,0.4,5,.502,.500,,Traded
705,679,Chris Tillman,29,BAL,93.0,24,19,86,8.32,4.72,-0.18,0.15,99.2,5.00,-35,-3.1,.13,0.1,-2.2,-25,.369,.481,"$10,050,000",Traded
706,680,Ashur Tolliver*,29,HOU,5.0,3,0,2,3.60,5.21,-0.07,-0.36,87.9,4.32,0,0.0,.29,0.0,0.1,1,.512,.500,,Waivers
707,681,Josh Tomlin,32,CLE,141.0,26,26,80,5.11,4.72,0.23,0.20,105.6,4.96,-4,-0.4,,-0.1,0.9,12,.486,.498,"$2,500,000",Amateur Draft
708,682,Michael Tonkin,27,MIN,21.0,16,0,15,6.43,4.67,0.14,-0.33,103.2,4.34,-5,-0.5,.20,0.1,-0.2,-3,.469,.497,"$542,500",Amateur Draft
709,683,Carlos Torres,34,MIL,72.2,67,0,37,4.58,4.72,0.10,-0.33,102.0,4.38,-2,-0.2,1.00,-0.2,0.3,5,.497,.499,"$2,175,000",Free Agency
710,684,Jose Torres*,23,SDP,68.1,62,0,34,4.48,4.74,-0.02,-0.33,100.3,4.44,-1,-0.1,.81,-0.2,0.4,6,.499,.500,"$535,400",Traded
711,685,Blake Treinen,29,2TM,75.2,72,0,35,4.16,4.70,-0.20,-0.33,99.6,4.55,3,0.3,1.62,0.2,1.2,11,.504,.501,"$563,700",Traded
712,686,Andrew Triggs,28,OAK,65.1,12,12,42,5.79,4.82,-0.29,0.21,92.3,4.91,-7,-0.7,,0.0,-0.1,0,.445,.496,"$537,500",Waivers
713,687,Jen-Ho Tseng,22,CHC,6.0,2,1,5,7.50,4.82,0.14,-0.07,99.2,4.58,-2,-0.2,2.27,-0.1,-0.2,-1,.408,.499,,Amateur Free Agent
714,688,Sam Tuivailala,24,STL,42.1,37,0,12,2.55,4.61,0.12,-0.32,95.5,3.99,7,0.7,.53,-0.3,0.8,11,.518,.504,"$536,500",Amateur Draft
715,689,Nik Turley*,27,MIN,17.2,10,3,22,11.21,4.62,0.19,-0.05,100.5,4.40,-14,-1.2,.21,0.2,-0.8,-12,.378,.492,,Free Agency
716,690,Jacob Turner,26,WSN,39.0,18,2,23,5.31,4.61,-0.16,-0.17,103.7,4.78,-2,-0.2,1.16,-0.1,0.0,1,.486,.498,"$1,500,000",Free Agency
717,691,Koji Uehara,42,CHC,43.0,49,0,21,4.40,4.68,0.15,-0.33,101.0,4.24,-1,-0.1,1.25,-0.1,0.2,3,.498,.499,"$6,000,000",Free Agency
718,692,Jose Urena,25,MIA,169.2,34,28,77,4.08,4.69,0.08,0.17,91.3,4.36,5,0.5,.25,-0.1,1.8,21,.514,.503,"$535,000",Amateur Free Agent
719,693,Julio Urias*,20,LAD,23.1,5,5,15,5.79,4.33,0.53,0.18,99.2,3.95,-5,-0.5,,0.0,-0.3,-3,.410,.497,,Amateur Free Agent
720,694,Cesar Valdez,32,2TM,30.2,11,4,29,8.51,5.00,-0.14,-0.07,100.2,5.07,-12,-1.1,.23,0.2,-0.6,-9,.400,.496,,Free Agency
721,695,Jose Valdez,27,2TM,18.0,14,0,18,9.00,4.80,-0.01,-0.34,101.4,4.53,-9,-0.9,.37,0.2,-0.5,-7,.439,.496,,Purchased
722,696,Jason Vargas*,34,KCR,179.2,32,32,84,4.21,4.82,-0.21,0.21,101.9,5.34,21,2.2,,-0.1,3.9,41,.570,.514,"$8,000,000",Free Agency
723,697,Felipe Vazquez*,25,PIT,75.1,73,0,19,2.27,4.70,0.00,-0.33,97.9,4.28,17,1.7,1.43,0.2,2.6,24,.523,.510,"$564,500",Traded
724,698,Vince Velasquez,25,PHI,72.0,15,15,44,5.50,4.90,-0.31,0.20,99.4,5.38,-1,-0.1,,-0.1,0.5,6,.492,.499,"$547,000",Traded
725,699,Hector Velazquez,28,BOS,24.2,8,3,8,2.92,4.72,0.42,-0.02,101.6,4.35,4,0.4,1.21,0.0,0.6,6,.549,.502,,Free Agency
726,700,Drew VerHagen,26,DET,34.1,24,2,22,5.77,4.70,-0.36,-0.19,106.5,5.19,-3,-0.2,1.08,-0.1,0.0,1,.490,.498,,Amateur Draft
727,Rk,Name,Age,Tm,IP,G,GS,R,RA9,RA9opp,RA9def,RA9role,PPFp,RA9avg,RAA,WAA,gmLI,WAAadj,WAR,RAR,waaWL%,162WL%,Salary,Acquired
728,701,Justin Verlander,34,2TM,206.0,33,33,80,3.50,4.74,-0.27,0.20,102.5,5.34,41,4.5,,-0.1,6.3,64,.636,.517,"$28,000,000",Amateur Draft
729,702,Logan Verrett,27,BAL,10.2,4,0,6,5.06,5.17,-0.16,-0.36,101.6,5.05,0,0.0,1.40,0.0,0.1,1,.497,.500,,Purchased
730,703,Thyago Vieira,23,SEA,1.0,1,0,0,0.00,4.92,0.06,-0.34,90.0,4.07,0,0.0,.00,0.0,0.0,1,.546,.500,,Amateur Free Agent
731,704,Nick Vincent,30,SEA,64.2,69,0,23,3.20,4.87,0.09,-0.34,94.8,4.21,7,0.7,1.57,0.0,1.4,14,.510,.504,"$1,325,000",Traded
732,705,Arodys Vizcaino,26,ATL,57.1,62,0,19,2.98,4.79,-0.16,-0.34,98.0,4.52,10,1.0,1.62,0.2,1.7,15,.516,.506,"$1,550,000",Traded
733,706,Edinson Volquez,33,MIA,92.1,17,17,46,4.48,4.72,0.07,0.20,88.7,4.30,-2,-0.2,,-0.1,0.5,7,.487,.499,"$9,000,000",Free Agency
734,707,Chris Volstad,30,CHW,19.1,6,2,11,5.12,5.01,-0.08,0.10,99.5,5.16,0,0.0,.55,0.0,0.2,2,.499,.500,,Free Agency
735,708,Michael Wacha,25,STL,165.2,30,30,82,4.45,4.61,0.12,0.20,96.1,4.50,0,0.0,,-0.1,1.4,16,.501,.500,"$2,775,000",Amateur Draft
736,709,Bobby Wahl,25,OAK,7.2,7,0,4,4.70,4.89,-0.27,-0.34,93.8,4.52,0,0.0,.50,0.0,0.0,1,.497,.500,,Amateur Draft
737,710,Adam Wainwright,35,STL,123.1,24,23,73,5.33,4.72,0.13,0.19,99.0,4.73,-9,-0.8,.18,-0.1,0.2,3,.465,.495,"$19,500,000",Traded
738,711,Taijuan Walker,24,ARI,157.1,28,28,76,4.35,4.57,0.09,0.19,108.8,5.08,12,1.3,,-0.1,2.6,27,.546,.508,"$2,250,000",Traded
739,712,Wei-Chung Wang*,25,MIL,1.1,8,0,2,13.50,8.88,0.18,-0.62,102.2,8.27,-1,-0.1,.64,0.0,-0.1,-1,.490,.500,,Rule 5 Draft
740,713,Adam Warren,29,NYY,57.1,46,0,19,2.98,4.75,0.09,-0.33,102.7,4.44,9,0.9,1.19,-0.1,1.4,15,.520,.506,"$2,290,000",Traded
741,714,Tony Watson*,32,2TM,66.2,71,0,26,3.51,4.59,0.14,-0.32,98.7,4.08,4,0.4,1.52,-0.1,0.9,10,.506,.501,"$5,600,000",Traded
742,715,Jered Weaver,34,SDP,42.1,9,9,41,8.72,4.75,-0.02,0.20,101.4,5.04,-17,-1.5,,0.0,-1.2,-13,.333,.491,"$3,000,000",Free Agency
743,716,Luke Weaver,23,STL,60.1,13,10,27,4.03,4.52,0.11,0.15,96.9,4.42,2,0.2,.38,-0.1,0.7,8,.519,.502,,Amateur Draft
744,717,Tyler Webb*,26,2TM,8.0,9,0,5,5.63,4.67,0.10,-0.33,99.3,4.22,-1,-0.1,.98,-0.1,-0.1,0,.486,.500,,Traded
745,718,Ryan Weber,26,SEA,3.2,1,1,1,2.45,4.17,0.11,0.18,104.0,4.41,1,0.1,,0.0,0.1,1,.582,.501,,Waivers
746,719,Rob Whalen,23,SEA,7.1,2,1,5,6.14,4.56,0.10,0.06,110.3,4.98,-1,-0.1,.04,0.0,0.0,0,.451,.499,"$537,500",Traded
747,720,Jason Wheeler*,26,MIN,3.0,2,0,5,15.00,5.88,0.23,-0.41,102.0,5.34,-3,-0.3,.15,0.1,-0.1,-3,.357,.498,,Amateur Draft
748,721,Zack Wheeler,27,NYM,86.1,17,17,53,5.53,4.63,-0.38,0.19,95.9,4.98,-6,-0.5,,-0.1,0.2,3,.468,.497,"$800,000",Traded
749,722,Tyler White,26,HOU,1.0,1,0,2,18.00,4.64,-0.15,-0.32,104.0,4.64,-1,-0.1,.00,0.1,-0.1,-1,.367,.499,,Amateur Draft
750,723,Chase Whitley,28,TBR,57.1,41,0,29,4.55,4.87,0.40,-0.34,96.3,3.98,-4,-0.4,.83,-0.1,0.0,2,.490,.497,,Waivers
751,724,Tom Wilhelmsen,33,ARI,26.1,27,0,13,4.44,4.58,0.10,-0.32,110.3,4.58,0,0.0,.78,-0.1,0.2,3,.501,.500,"$1,250,000",Free Agency
752,725,Adam Wilk*,29,2TM,14.0,4,2,15,9.64,4.89,-0.01,-0.06,100.1,4.80,-8,-0.6,.22,0.1,-0.4,-6,.344,.498,,Waivers
753,Rk,Name,Age,Tm,IP,G,GS,R,RA9,RA9opp,RA9def,RA9role,PPFp,RA9avg,RAA,WAA,gmLI,WAAadj,WAR,RAR,waaWL%,162WL%,Salary,Acquired
754,726,Aaron Wilkerson,28,MIL,10.1,3,2,4,3.48,4.71,0.09,0.15,95.2,4.54,1,0.1,-.02,0.0,0.2,2,.541,.501,,Traded
755,727,Taylor Williams,25,MIL,4.2,5,0,1,1.93,4.89,0.10,-0.34,100.8,4.49,1,0.1,.03,-0.1,0.1,2,.527,.501,,Amateur Draft
756,728,Trevor Williams,25,PIT,150.1,31,25,73,4.37,4.66,0.00,0.17,98.8,4.77,6,0.6,.70,-0.1,1.9,21,.521,.504,"$544,000",Traded
757,729,Alex Wilson,30,DET,60.0,66,0,34,5.10,4.80,-0.37,-0.33,103.0,4.98,-1,-0.1,1.17,-0.2,0.3,5,.498,.499,"$1,175,000",Traded
758,730,Justin Wilson*,29,2TM,58.0,65,0,23,3.57,4.75,-0.12,-0.33,101.5,4.61,6,0.7,1.44,0.2,1.4,13,.510,.503,"$2,700,000",Traded
759,731,Tyler Wilson,27,BAL,15.1,9,1,14,8.22,4.74,-0.19,-0.12,102.0,4.91,-6,-0.6,.80,0.0,-0.4,-4,.439,.497,"$545,000",Amateur Draft
760,732,Alex Wimmers,28,MIN,7.1,6,0,4,4.91,4.78,0.16,-0.33,97.0,4.16,-1,-0.1,.34,0.0,0.0,0,.489,.500,,Free Agency
761,733,Dan Winkler,27,ATL,14.1,16,0,4,2.51,4.83,-0.12,-0.34,97.5,4.50,3,0.3,1.36,0.0,0.5,4,.520,.502,"$545,000",Rule 5 Draft
762,734,Matt Wisler,24,ATL,32.1,20,1,31,8.63,4.76,-0.22,-0.23,99.9,4.74,-14,-1.4,.29,0.3,-0.7,-11,.433,.492,,Traded
763,735,Nick Wittgren,26,MIA,42.1,38,0,22,4.68,4.79,0.08,-0.34,90.6,3.97,-3,-0.4,.81,-0.1,0.0,1,.491,.498,"$535,000",Amateur Draft
764,736,Asher Wojciechowski,28,CIN,62.1,25,8,48,6.93,4.75,0.13,0.01,102.8,4.76,-15,-1.5,.63,0.0,-0.9,-9,.441,.491,,Free Agency
765,737,Alex Wood*,26,LAD,152.1,27,25,50,2.95,4.55,0.45,0.18,96.4,4.12,19,2.1,1.27,-0.1,3.3,34,.576,.513,"$2,800,000",Traded
766,738,Blake Wood,31,2TM,74.1,72,0,49,5.93,4.80,0.15,-0.34,101.8,4.39,-13,-1.3,.73,0.0,-0.6,-6,.482,.494,"$1,275,000",Free Agency
767,739,Hunter Wood,23,TBR,0.1,1,0,0,0.00,4.48,0.32,-0.32,120.0,4.59,0,0.0,.11,0.0,0.0,0,.517,.500,,Amateur Draft
768,740,Travis Wood*,30,2TM,94.0,39,14,77,7.37,4.78,-0.12,0.03,98.0,4.82,-27,-2.5,.92,-0.1,-1.7,-18,.436,.493,"$4,000,000",Free Agency
769,741,Brandon Woodruff,24,MIL,43.0,8,8,23,4.81,4.83,0.10,0.21,104.0,5.13,1,0.1,,0.0,0.5,5,.517,.501,,Amateur Draft
770,742,Brandon Workman,28,BOS,39.2,33,0,17,3.86,4.83,0.42,-0.34,105.6,4.30,2,0.2,.94,-0.1,0.5,6,.505,.501,"$635,000",Amateur Draft
771,743,Vance Worley,29,MIA,71.2,24,12,56,7.03,4.75,0.09,0.06,91.4,4.31,-22,-2.1,.50,0.1,-1.4,-15,.414,.487,,Free Agency
772,744,Daniel Wright,26,LAA,19.2,5,2,12,5.49,4.47,0.24,-0.07,92.6,3.84,-4,-0.4,.20,0.0,-0.1,-2,.429,.498,,Waivers
773,745,Mike Wright,27,BAL,25.0,13,0,16,5.76,4.74,-0.15,-0.33,99.5,4.53,-4,-0.4,.34,0.0,-0.1,-1,.473,.498,,Amateur Draft
774,746,Steven Wright,32,BOS,24.0,5,5,24,9.00,4.81,0.57,0.21,105.3,4.68,-12,-1.0,,0.0,-0.8,-9,.307,.494,"$593,500",Traded
775,747,Jimmy Yacabonis,25,BAL,20.2,14,0,10,4.35,4.67,-0.17,-0.33,98.9,4.46,0,0.0,.51,-0.1,0.2,2,.501,.500,,Amateur Draft
776,748,Kirby Yates,30,2TM,56.2,62,0,28,4.45,4.71,-0.01,-0.33,98.4,4.32,-1,-0.1,1.05,-0.1,0.3,4,.499,.500,,Waivers
777,749,Gabriel Ynoa,24,BAL,34.2,9,4,17,4.41,4.83,-0.16,0.07,100.3,5.08,2,0.2,.54,-0.1,0.5,6,.526,.501,,Purchased
778,750,Michael Ynoa,25,CHW,29.0,22,0,22,6.83,4.88,-0.08,-0.34,98.5,4.55,-8,-0.7,.31,0.2,-0.3,-4,.466,.495,"$540,000",Traded
779,Rk,Name,Age,Tm,IP,G,GS,R,RA9,RA9opp,RA9def,RA9role,PPFp,RA9avg,RAA,WAA,gmLI,WAAadj,WAR,RAR,waaWL%,162WL%,Salary,Acquired
780,751,Chris Young,38,KCR,30.0,14,2,27,8.10,4.83,-0.26,-0.13,100.7,4.99,-11,-1.0,.34,0.1,-0.6,-7,.428,.494,"$5,750,000",Free Agency
781,752,Rob Zastryzny*,25,CHC,13.0,4,0,13,9.00,4.68,0.18,-0.17,100.7,4.36,-7,-0.6,.36,0.1,-0.4,-6,.352,.496,,Amateur Draft
782,753,Brad Ziegler,37,MIA,47.0,53,0,29,5.55,4.68,0.09,-0.33,89.3,3.80,-9,-0.9,1.42,-0.3,-0.8,-5,.483,.494,"$7,000,000",Free Agency
783,754,Jordan Zimmermann,31,DET,160.0,29,29,111,6.24,4.88,-0.39,0.21,101.9,5.58,-13,-1.3,,-0.1,0.2,5,.456,.492,"$18,000,000",Free Agency
784,755,Tony Zych,26,SEA,40.2,45,0,12,2.66,4.75,0.08,-0.33,95.4,4.13,6,0.6,1.34,0.0,1.0,11,.514,.504,"$539,600",Purchased
785,43257.0,20517,4860,22582,4.70,4.74,0.00,0.00,100.3,4.75,0,29.5,1.09,-29.5,410.0,4483,.501,.501,"$1,800,636,569",,,,,
