,Rk,Name,Age,Tm,IP,G,GR,GF,Wgr,Lgr,SVOpp,SV,BSv,SV%,SVSit,Hold,IR,IS,IS%,1stIP,aLI,LevHi,LevMd,LevLo,Ahd,Tie,Bhd,Runr,Empt,>3o,<3o,IPmult,0DR,Out/GR,Pit/GR
0,1,Fernando Abad*,33,SFG,8.2,13,13,1,0,2,0,0,0,,5,5,13,3,23%,6,1.359,7,3,3,6,1,6,8,5,1,8,2,3,2.0,9
1,2,Bryan Abreu,22,HOU,3.0,2,2,1,0,0,0,0,0,,0,0,0,0,,8,.005,0,0,2,1,0,1,0,2,1,0,1,0,4.5,25
2,3,Jason Adam,27,TOR,14.2,14,14,1,1,0,1,0,1,0%,3,2,7,1,14%,6,1.103,5,5,4,4,3,7,5,9,3,4,5,2,3.1,20
3,4,Austin Adams,32,TOT,16.2,15,15,9,0,0,0,0,0,,0,0,4,2,50%,,.207,0,2,11,2,1,12,2,13,4,2,4,3,3.3,21
4,5,Austin Adams,32,MIN,2.2,2,2,1,0,0,0,0,0,,0,0,0,0,,9,.000,0,0,0,2,0,0,0,2,1,1,1,0,4.0,37
5,6,Austin Adams,32,DET,14.0,13,13,8,0,0,0,0,0,,0,0,4,2,50%,9,.255,0,2,11,0,1,12,2,11,3,1,3,3,3.2,19
6,7,Austin Adams,28,TOT,28.0,25,23,1,1,2,1,0,1,0%,11,10,13,4,31%,,1.177,5,11,7,14,2,7,9,14,8,5,9,4,3.4,19
7,8,Austin Adams,28,WSN,1.0,1,1,0,0,0,0,0,0,,0,0,0,0,,7,.130,0,0,1,0,0,1,0,1,0,0,0,0,3.0,33
8,9,Austin Adams,28,SEA,27.0,24,22,1,1,2,1,0,1,0%,11,10,13,4,31%,8,1.236,5,11,6,14,2,6,9,13,8,5,9,4,3.5,18
9,10,Chance Adams,24,NYY,23.2,10,10,3,1,0,3,1,2,33%,3,0,6,2,33%,8,.355,1,2,7,6,0,4,3,7,7,1,7,0,7.1,46
10,11,Ehire Adrianza,29,MIN,1.0,1,1,1,0,0,0,0,0,,0,0,0,0,,9,.003,0,0,0,0,0,1,0,1,0,0,0,0,3.0,21
11,12,Dario Agrazal,24,PIT,58.1,12,1,0,0,0,0,0,0,,0,0,0,0,,6,.983,0,0,1,0,0,1,0,1,1,0,1,0,6.0,23
12,13,R.J. Alaniz,28,TOT,12.1,10,10,3,0,0,0,0,0,,0,0,7,3,43%,,.463,1,0,8,2,0,8,4,6,4,4,4,1,3.7,20
13,14,R.J. Alaniz,28,SEA,4.0,4,4,1,0,0,0,0,0,,0,0,1,1,100%,7,.555,0,0,4,1,0,3,1,3,1,2,1,0,3.0,21
14,15,R.J. Alaniz,28,CIN,8.1,6,6,2,0,0,0,0,0,,0,0,6,2,33%,8,.389,1,0,4,1,0,5,3,3,3,2,3,1,4.2,19
15,16,Matt Albers,36,MIL,56.1,62,62,12,6,5,5,4,1,80%,18,10,31,7,23%,7,1.414,23,22,17,33,11,18,20,42,9,21,12,12,2.7,15
16,17,Hanser Alberto,26,BAL,1.0,1,1,1,0,0,0,0,0,,0,0,0,0,,9,.000,0,0,0,0,0,1,0,1,0,0,0,0,3.0,20
17,18,Victor Alcantara,26,DET,39.0,43,43,7,3,2,3,0,3,0%,13,10,25,12,48%,8,.918,16,10,15,15,5,23,16,27,6,17,7,12,2.7,15
18,19,Scott Alexander*,29,LAD,17.1,28,28,4,3,2,0,0,0,,9,7,18,10,56%,7,1.060,8,8,12,15,7,6,10,18,1,17,4,7,1.9,10
19,20,Tyler Alexander*,24,DET,34.1,9,4,1,0,0,0,0,0,,0,0,0,0,,9,.862,0,1,3,0,1,3,0,4,2,1,2,0,6.0,36
20,21,Cody Allen,30,LAA,23.0,25,25,13,0,2,4,4,0,100%,4,0,5,2,40%,9,.713,6,4,13,9,3,13,4,21,3,6,4,4,2.8,20
21,22,Logan Allen*,22,TOT,27.2,9,5,3,0,1,0,0,0,,0,0,0,0,,,.765,1,0,4,0,1,4,0,5,3,0,3,1,5.0,26
22,23,Logan Allen*,22,SDP,25.1,8,4,2,0,1,0,0,0,,0,0,0,0,,6,.812,1,0,3,0,1,3,0,4,2,0,2,1,4.5,22
23,24,Logan Allen*,22,CLE,2.1,1,1,1,0,0,0,0,0,,0,0,0,0,,7,.150,0,0,1,0,0,1,0,1,1,0,1,0,7.0,40
24,25,Yency Almonte,25,COL,27.2,18,18,6,0,1,1,0,1,0%,1,0,10,2,20%,7,.406,3,0,13,3,2,13,8,10,11,2,11,0,4.6,28
25,Rk,Name,Age,Tm,IP,G,GR,GF,Wgr,Lgr,SVOpp,SV,BSv,SV%,SVSit,Hold,IR,IS,IS%,1stIP,aLI,LevHi,LevMd,LevLo,Ahd,Tie,Bhd,Runr,Empt,>3o,<3o,IPmult,0DR,Out/GR,Pit/GR
26,26,Dan Altavilla,26,SEA,8.1,10,10,3,0,0,1,0,1,0%,1,0,4,4,100%,9,.998,2,3,5,2,1,7,2,8,0,3,0,2,2.5,19
27,27,Aaron Altherr,28,PHI,1.0,1,1,1,0,0,0,0,0,,0,0,0,0,,9,.000,0,0,0,0,0,1,0,1,0,0,0,0,3.0,19
28,28,Jose Alvarado*,24,TBR,30.0,35,34,16,1,5,9,7,2,78%,17,8,8,1,13%,9,1.984,20,6,8,21,8,5,4,30,2,11,3,7,2.6,17
29,29,Jose Alvarez*,30,PHI,53.2,60,59,10,3,4,3,1,2,33%,15,12,33,10,30%,7,1.107,19,13,25,23,11,25,19,40,10,25,12,18,2.6,14
30,30,Adbert Alzolay,24,CHC,12.1,4,2,1,1,0,0,0,0,,0,0,0,0,,8,.709,0,1,1,1,0,1,0,2,1,0,1,0,7.5,41
31,31,Chase Anderson,31,MIL,120.0,28,5,1,1,0,0,0,0,,0,0,3,0,0%,8,.876,0,0,5,2,0,3,2,3,4,0,5,0,6.0,33
32,32,Cody Anderson,28,CLE,8.2,5,3,2,0,0,1,0,1,0%,1,0,3,2,67%,9,.904,1,0,2,1,0,2,1,2,2,1,2,1,5.0,29
33,33,Drew Anderson,25,PHI,6.0,2,2,1,0,0,0,0,0,,0,0,0,0,,7,.375,0,1,1,0,0,2,0,2,2,0,2,0,9.0,52
34,34,Justin Anderson,26,LAA,41.2,48,48,7,3,0,2,1,1,50%,15,13,34,13,38%,6,1.086,11,20,17,24,5,19,20,28,4,15,9,8,2.6,17
35,35,Nick Anderson,28,TOT,57.2,59,59,3,5,4,2,1,1,50%,14,12,22,3,14%,,1.446,27,14,18,27,18,14,14,45,7,10,9,12,2.9,16
36,36,Nick Anderson,28,MIA,43.2,45,45,3,2,4,2,1,1,50%,9,7,17,3,18%,8,1.463,19,9,17,21,12,12,12,33,6,9,7,10,2.9,17
37,37,Nick Anderson,28,TBR,14.0,14,14,0,3,0,0,0,0,,5,5,5,0,0%,8,1.380,8,5,1,6,6,2,2,12,1,1,2,2,3.0,14
38,38,Shaun Anderson,24,SFG,89.2,21,5,2,0,0,0,0,0,,1,1,3,2,67%,8,.930,2,0,3,2,0,3,1,4,2,1,2,0,4.2,25
39,39,Matt Andriese,29,ARI,60.2,47,47,12,5,4,2,1,1,50%,6,4,22,4,18%,7,.996,14,6,26,17,8,22,13,34,18,11,20,5,3.9,23
40,40,Victor Arano,24,PHI,4.2,3,3,1,1,0,0,0,0,,0,0,1,1,100%,12,.852,1,1,1,1,1,1,1,2,2,1,2,0,4.7,23
41,41,Pedro Araujo,25,BAL,0.2,1,1,0,0,0,0,0,0,,0,0,0,0,,7,.495,0,0,1,1,0,0,0,1,0,1,0,0,2.0,14
42,42,Rogelio Armenteros,25,HOU,18.0,5,3,2,0,0,1,1,0,100%,1,0,0,0,,7,.600,0,0,3,1,0,2,0,3,3,0,3,0,9.0,56
43,43,Shawn Armstrong,28,TOT,49.2,46,46,10,0,1,6,4,2,67%,14,8,22,8,36%,,1.131,14,15,17,22,4,20,15,31,16,12,20,8,3.2,21
44,44,Shawn Armstrong,28,SEA,3.2,4,4,1,0,1,0,0,0,,0,0,4,1,25%,9,1.023,1,0,3,1,0,3,2,2,1,1,1,1,2.8,23
45,45,Shawn Armstrong,28,BAL,46.0,42,42,9,0,0,6,4,2,67%,14,8,18,7,39%,7,1.143,13,15,14,21,4,17,13,29,15,11,19,7,3.3,21
46,46,Humberto Arteaga,25,KCR,1.2,1,1,1,0,0,0,0,0,,0,0,2,0,0%,8,.000,0,0,0,0,0,1,1,0,1,0,1,0,5.0,23
47,47,Alex Avila,32,ARI,2.0,2,2,2,0,0,0,0,0,,0,0,0,0,,9,.013,0,0,1,0,0,2,0,2,0,0,0,0,3.0,13
48,48,Luis Avilan*,29,NYM,29.0,38,38,7,4,0,0,0,0,,5,3,26,5,19%,8,.816,12,5,21,13,9,16,17,21,3,19,5,9,2.3,14
49,49,Michel Baez,23,SDP,19.2,16,16,5,0,1,0,0,0,,0,0,9,5,56%,6,.556,2,4,8,1,2,13,5,11,7,1,9,1,3.7,24
50,50,Pedro Baez,31,LAD,63.1,65,65,9,7,2,6,1,5,17%,28,22,30,10,33%,8,1.376,28,22,15,38,8,19,18,47,8,11,9,14,2.9,16
51,Rk,Name,Age,Tm,IP,G,GR,GF,Wgr,Lgr,SVOpp,SV,BSv,SV%,SVSit,Hold,IR,IS,IS%,1stIP,aLI,LevHi,LevMd,LevLo,Ahd,Tie,Bhd,Runr,Empt,>3o,<3o,IPmult,0DR,Out/GR,Pit/GR
52,51,Sandy Baez,25,DET,1.0,1,1,0,0,0,0,0,0,,0,0,0,0,,8,.078,0,0,1,0,0,1,0,1,0,0,0,0,3.0,10
53,52,Anthony Banda*,25,TBR,1.0,1,1,1,0,0,0,0,0,,0,0,0,0,,9,.240,0,0,1,1,0,0,0,1,0,0,0,0,3.0,14
54,53,Manny Banuelos*,28,CHW,46.2,14,6,2,1,0,0,0,0,,0,0,5,1,20%,7,.829,0,1,5,0,1,5,3,3,3,1,5,0,6.0,39
55,54,Luke Bard,28,LAA,38.1,26,23,5,1,2,0,0,0,,1,1,14,6,43%,7,.884,4,7,12,7,2,14,10,13,14,1,16,2,4.6,26
56,55,Scott Barlow,26,KCR,60.2,53,53,6,3,3,3,1,2,33%,16,12,35,10,29%,6,1.258,22,18,13,21,11,21,22,31,19,14,21,7,3.4,21
57,56,Jacob Barnes,29,TOT,27.1,26,25,6,1,2,0,0,0,,1,1,3,2,67%,,.514,2,5,16,5,2,18,1,24,5,5,5,4,3.2,20
58,57,Jacob Barnes,29,MIL,19.2,18,17,3,1,1,0,0,0,,1,1,0,0,,7,.417,1,4,10,3,1,13,0,17,4,3,4,3,3.3,21
59,58,Jacob Barnes,29,KCR,7.2,8,8,3,0,1,0,0,0,,0,0,3,2,67%,8,.762,1,1,6,2,1,5,1,7,1,2,1,1,2.9,18
60,59,Matt Barnes,29,BOS,55.1,60,60,13,4,4,11,4,7,36%,34,23,27,7,26%,8,1.721,37,14,9,42,11,7,15,45,7,17,9,17,2.8,19
61,60,Tony Barnette,35,CHC,1.1,2,2,0,0,0,0,0,0,,0,0,1,0,0%,8,.736,0,1,1,1,0,1,1,1,0,1,0,0,2.0,13
62,61,Kyle Barraclough,29,TOT,28.1,36,36,7,1,2,2,0,2,0%,10,8,13,11,85%,,1.172,12,8,15,13,7,16,7,29,2,18,2,8,2.4,17
63,62,Kyle Barraclough,29,WSN,25.2,33,33,6,1,2,2,0,2,0%,10,8,13,11,85%,8,1.276,12,8,13,13,7,13,7,26,2,17,2,8,2.3,17
64,63,Kyle Barraclough,29,SFG,2.2,3,3,1,0,0,0,0,0,,0,0,0,0,,7,.180,0,0,2,0,0,3,0,3,0,1,0,0,2.7,17
65,64,Aaron Barrett,31,WSN,1.0,1,1,0,0,0,0,0,0,,0,0,0,0,,5,1.048,0,1,0,0,0,1,0,1,0,0,0,0,3.0,14
66,65,Jake Barrett,27,NYY,3.2,2,2,2,0,0,0,0,0,,0,0,2,0,0%,8,.079,0,0,2,0,0,2,1,1,2,0,2,0,5.5,35
67,66,Jaime Barria,22,LAA,70.1,16,6,1,2,3,0,0,0,,0,0,4,2,50%,5,.812,1,4,1,2,3,1,2,4,6,0,6,0,11.2,70
68,67,Tyler Bashlor,26,NYM,19.0,21,21,6,0,3,3,0,3,0%,4,1,12,4,33%,8,.709,6,4,11,9,2,10,6,15,5,9,5,6,2.7,16
69,68,Anthony Bass,31,SEA,40.2,36,36,11,2,4,7,2,5,29%,13,6,11,0,0%,8,1.368,16,7,12,19,7,10,6,30,8,1,10,3,3.4,18
70,69,Gerson Bautista,24,SEA,9.0,8,6,3,0,0,0,0,0,,0,0,0,0,,9,.645,0,1,4,1,0,5,0,6,1,0,1,1,3.5,23
71,70,David Bednar,24,SDP,3.1,4,4,2,0,0,0,0,0,,0,0,0,0,,9,.617,1,0,3,1,1,2,0,4,0,1,0,0,2.5,16
72,71,Cam Bedrosian,27,LAA,61.1,59,52,5,3,2,3,1,2,33%,18,15,15,6,40%,8,1.165,21,15,15,27,10,15,10,42,10,7,10,10,3.1,17
73,72,Tyler Beede,26,SFG,101.1,21,2,0,0,1,0,0,0,,0,0,0,0,,4,.928,0,0,2,0,0,2,0,2,2,0,2,0,6.5,59
74,73,Jalen Beeks*,25,TBR,100.0,29,26,3,6,1,1,1,0,100%,3,2,6,0,0%,3,.945,2,18,6,13,6,7,5,21,25,1,25,1,10.1,56
75,74,Travis Bergen*,25,SFG,19.2,21,21,8,2,0,0,0,0,,1,0,12,3,25%,8,.322,3,0,15,2,1,18,7,14,3,7,5,5,2.8,18
76,75,Chad Bettis,30,COL,63.2,39,36,9,1,4,3,1,2,33%,7,4,16,3,19%,8,.800,7,10,18,12,6,18,10,26,18,8,18,4,4.2,22
77,Rk,Name,Age,Tm,IP,G,GR,GF,Wgr,Lgr,SVOpp,SV,BSv,SV%,SVSit,Hold,IR,IS,IS%,1stIP,aLI,LevHi,LevMd,LevLo,Ahd,Tie,Bhd,Runr,Empt,>3o,<3o,IPmult,0DR,Out/GR,Pit/GR
78,76,Joe Biagini,29,TOT,63.2,60,60,13,3,1,3,1,2,33%,16,11,30,6,20%,,.949,17,17,23,29,10,21,18,42,17,17,19,9,3.2,18
79,77,Joe Biagini,29,TOR,50.0,50,50,11,3,1,3,1,2,33%,15,10,29,6,21%,8,1.083,17,15,16,23,10,17,17,33,14,16,15,8,3.0,17
80,78,Joe Biagini,29,HOU,13.2,10,10,2,0,0,0,0,0,,1,1,1,0,0%,8,.450,0,2,7,6,0,4,1,9,3,1,4,1,4.1,24
81,79,Jesse Biddle*,27,TOT,28.0,30,30,3,0,1,1,0,1,0%,5,1,16,7,44%,,.679,5,4,20,10,1,19,9,21,8,11,10,3,2.8,21
82,80,Jesse Biddle*,27,TOT,16.1,15,15,2,0,0,1,0,1,0%,3,1,9,3,33%,,.508,2,2,10,3,0,12,5,10,5,4,7,1,3.3,24
83,81,Jesse Biddle*,27,ATL,11.2,15,15,1,0,1,0,0,0,,2,0,7,4,57%,8,.914,3,2,10,7,1,7,4,11,3,7,3,2,2.3,18
84,82,Jesse Biddle*,27,SEA,11.0,11,11,1,0,0,1,0,1,0%,3,1,5,3,60%,8,.555,2,1,7,3,0,8,3,8,3,3,4,0,3.0,22
85,83,Jesse Biddle*,27,TEX,5.1,4,4,1,0,0,0,0,0,,0,0,4,0,0%,11,.406,0,1,3,0,0,4,2,2,2,1,3,1,4.0,29
86,84,Shane Bieber,24,CLE,195.2,31,1,1,0,0,0,0,0,,0,0,0,0,,7,.968,0,0,1,0,0,1,0,1,1,0,1,0,6.0,17
87,85,Kyle Bird*,26,TEX,12.2,12,12,5,0,0,1,1,0,100%,1,0,14,4,29%,9,.333,1,1,9,3,0,9,6,6,5,5,6,1,3.2,23
88,86,Ty Blach*,28,TOT,24.2,6,2,1,0,0,0,0,0,,0,0,0,0,,,.621,0,0,2,0,0,2,0,2,2,0,2,0,9.5,64
89,87,Ty Blach*,28,SFG,6.1,2,2,1,0,0,0,0,0,,0,0,0,0,,7,.177,0,0,2,0,0,2,0,2,2,0,2,0,9.5,64
90,88,Ray Black,29,TOT,11.0,10,10,3,0,0,0,0,0,,1,1,8,0,0%,,.282,1,2,6,3,0,7,3,7,3,0,3,1,3.3,19
91,89,Ray Black,29,SFG,2.0,2,2,1,0,0,0,0,0,,0,0,0,0,,9,.014,0,0,2,1,0,1,0,2,0,0,0,0,3.0,26
92,90,Ray Black,29,MIL,9.0,8,8,2,0,0,0,0,0,,1,1,8,0,0%,6,.374,1,2,4,2,0,6,3,5,3,0,3,1,3.4,17
93,91,Paul Blackburn,25,OAK,9.0,3,2,1,0,1,0,0,0,,0,0,0,0,,11,.607,1,0,1,0,1,1,0,2,1,0,1,0,9.0,48
94,92,Michael Blazek,30,WSN,5.0,4,4,3,0,0,0,0,0,,0,0,0,0,,9,.031,0,0,1,2,0,2,0,4,1,0,1,0,3.8,22
95,93,Richard Bleier*,32,BAL,43.0,44,44,10,3,0,4,3,1,75%,9,5,31,17,55%,7,.893,11,14,17,15,6,23,19,25,12,17,17,7,2.9,14
96,94,Jerry Blevins*,35,ATL,27.2,37,37,11,1,0,1,1,0,100%,9,8,20,6,30%,8,.705,11,6,18,15,3,19,10,27,2,20,3,9,2.2,13
97,95,Buddy Boshers*,31,TOR,13.1,18,17,5,0,3,0,0,0,,2,2,11,2,18%,7,.915,6,3,7,6,4,7,5,12,3,9,3,5,2.2,15
98,96,James Bourque,25,WSN,0.2,1,1,0,0,0,0,0,0,,0,0,0,0,,9,.043,0,0,1,1,0,0,0,1,0,1,0,0,2.0,29
99,97,Matt Bowman,28,CIN,24.1,22,22,9,2,0,0,0,0,,0,0,9,4,44%,8,.419,1,5,15,4,1,17,7,15,7,6,7,4,3.3,20
100,98,Brad Boxberger,31,KCR,26.2,29,29,9,1,3,4,1,3,25%,4,0,8,3,38%,7,.923,8,5,15,9,4,16,4,25,2,6,2,6,2.8,17
101,99,Brad Brach,33,TOT,49.0,52,52,6,4,4,3,0,3,0%,7,4,27,5,19%,,1.082,17,11,21,16,13,23,14,38,13,23,14,10,2.8,18
102,100,Brad Brach,33,CHC,39.2,42,42,6,4,3,2,0,2,0%,6,4,22,5,23%,8,1.071,13,10,16,13,9,20,12,30,11,20,12,8,2.8,19
103,Rk,Name,Age,Tm,IP,G,GR,GF,Wgr,Lgr,SVOpp,SV,BSv,SV%,SVSit,Hold,IR,IS,IS%,1stIP,aLI,LevHi,LevMd,LevLo,Ahd,Tie,Bhd,Runr,Empt,>3o,<3o,IPmult,0DR,Out/GR,Pit/GR
104,101,Brad Brach,33,NYM,9.1,10,10,0,0,1,1,0,1,0%,1,0,5,0,0%,6,1.135,4,1,5,3,4,3,2,8,2,3,2,2,2.8,14
105,102,Chasen Bradford,29,SEA,16.2,12,12,6,0,0,1,1,0,100%,2,1,11,1,9%,8,.653,3,1,5,4,1,7,4,8,4,1,5,3,4.2,21
106,103,Archie Bradley,26,ARI,64.2,59,58,27,4,4,16,13,3,81%,23,7,18,5,28%,8,1.465,27,10,21,37,10,11,13,45,17,10,17,10,3.3,20
107,104,Ryan Brasier,31,BOS,48.2,54,54,15,2,4,11,7,4,64%,21,9,9,6,67%,8,1.326,23,9,21,31,7,16,4,50,3,13,3,19,2.7,16
108,105,Steven Brault*,27,PIT,100.1,22,6,1,1,1,0,0,0,,0,0,0,0,,3,.994,1,0,5,1,1,4,0,6,6,0,6,0,8.8,58
109,106,John Brebbia,29,STL,66.1,58,58,19,3,3,1,0,1,0%,12,10,30,8,27%,8,.628,11,15,30,25,6,27,18,40,23,15,24,7,3.4,19
110,107,Brandon Brennan,27,SEA,40.0,36,36,7,2,6,2,0,2,0%,10,6,13,5,38%,8,1.244,11,10,14,16,8,12,8,28,9,5,10,3,3.3,18
111,108,Colten Brewer,26,BOS,50.0,51,51,8,1,2,1,0,1,0%,6,5,30,10,33%,7,.882,10,15,24,15,7,29,18,33,9,17,9,8,2.9,18
112,109,Austin Brice,27,MIA,44.2,36,36,10,1,0,1,0,1,0%,8,7,16,6,38%,7,.642,8,8,17,11,5,20,8,28,11,6,13,8,3.7,22
113,110,Jeff Brigham,27,MIA,29.2,23,23,7,2,2,1,0,1,0%,4,3,7,3,43%,7,.732,6,3,11,7,4,12,4,19,8,4,8,5,3.9,24
114,111,Zack Britton*,31,NYY,56.1,61,61,15,3,1,7,3,4,43%,36,29,19,5,26%,8,1.549,26,16,18,47,4,10,10,51,1,12,2,12,2.8,14
115,112,Aaron Brooks,29,TOT,95.2,26,9,7,0,0,0,0,0,,0,0,3,2,67%,,.761,0,1,5,4,0,5,1,8,7,0,7,0,6.3,35
116,113,Aaron Brooks,29,OAK,50.1,15,9,7,0,0,0,0,0,,0,0,3,2,67%,8,.648,0,1,5,4,0,5,1,8,7,0,7,0,6.3,35
117,114,Mike Brosseau,25,TBR,4.0,3,3,3,0,0,0,0,0,,0,0,0,0,,9,.012,0,0,2,0,0,3,0,3,1,0,1,0,4.0,20
118,115,Ryan Buchter*,32,OAK,40.1,59,59,7,0,1,4,0,4,0%,19,12,34,14,41%,8,.851,20,12,26,28,7,24,21,38,5,37,7,18,2.1,12
119,116,Aaron Bummer*,25,CHW,57.0,49,49,5,0,0,3,1,2,33%,23,20,28,6,21%,7,1.424,20,16,12,28,7,14,19,30,17,9,20,5,3.5,18
120,117,Nick Burdi,26,PIT,8.2,11,11,3,2,1,1,0,1,0%,1,0,1,1,100%,8,1.360,6,1,3,2,5,4,1,10,0,4,1,1,2.4,15
121,118,Corbin Burnes,24,MIL,46.0,30,26,7,1,3,1,1,0,100%,4,3,12,5,42%,7,.941,8,7,11,7,6,13,6,20,8,9,8,3,3.3,20
122,119,Ryan Burr,25,CHW,19.2,16,15,2,1,0,0,0,0,,0,0,7,5,71%,7,.520,1,1,12,6,2,7,5,10,6,2,7,0,3.5,22
123,120,Ty Buttrey,26,LAA,64.1,64,64,6,6,7,6,2,4,33%,29,22,34,12,35%,8,1.570,33,19,12,38,12,14,19,45,14,18,15,17,3.0,17
124,121,Genesis Cabrera*,22,STL,14.2,6,4,3,0,0,1,1,0,100%,1,0,3,1,33%,9,.770,0,0,4,1,0,3,1,3,2,1,2,0,4.8,25
125,122,Trevor Cahill,31,LAA,94.2,32,21,8,1,4,0,0,0,,0,0,9,3,33%,6,.846,3,6,11,4,7,10,5,16,16,2,16,1,5.9,35
126,123,Griffin Canning,23,LAA,90.1,18,1,1,0,1,0,0,0,,0,0,0,0,,15,1.024,1,0,0,0,1,0,0,1,1,0,1,0,6.0,42
127,124,Matt Carasiti,27,SEA,9.2,11,6,2,0,0,0,0,0,,0,0,3,2,67%,9,.795,1,0,5,3,0,3,2,4,0,1,0,1,2.7,14
128,125,Victor Caratini,25,CHC,2.0,2,2,2,0,0,0,0,0,,0,0,0,0,,9,.008,0,0,1,0,0,2,0,2,0,0,0,0,3.0,15
129,Rk,Name,Age,Tm,IP,G,GR,GF,Wgr,Lgr,SVOpp,SV,BSv,SV%,SVSit,Hold,IR,IS,IS%,1stIP,aLI,LevHi,LevMd,LevLo,Ahd,Tie,Bhd,Runr,Empt,>3o,<3o,IPmult,0DR,Out/GR,Pit/GR
130,126,Shane Carle,27,ATL,9.1,6,6,0,0,0,0,0,0,,0,0,3,2,67%,6,.478,1,0,5,1,1,4,1,5,2,1,3,0,4.7,31
131,127,David Carpenter,33,TEX,3.1,4,4,2,0,0,0,0,0,,0,0,3,3,100%,4,.284,0,0,4,0,0,4,2,2,0,2,0,0,2.5,17
132,128,Carlos Carrasco,32,CLE,69.0,16,4,0,0,1,1,0,1,0%,1,0,0,0,,8,.957,1,1,2,2,1,1,0,4,0,0,0,0,3.0,21
133,129,Andrew Cashner,32,TOT,139.1,32,9,2,1,1,1,1,0,100%,2,1,0,0,,,.956,3,3,3,4,2,3,0,9,2,1,2,2,4.2,21
134,130,Andrew Cashner,32,BOS,43.0,15,9,2,1,1,1,1,0,100%,2,1,0,0,,7,1.038,3,3,3,4,2,3,0,9,2,1,2,2,4.2,21
135,131,Diego Castillo,25,TBR,60.0,57,51,16,3,7,10,8,2,80%,25,15,11,1,9%,9,1.596,29,12,10,31,14,6,8,43,11,12,12,13,3.1,17
136,132,Jose Castillo*,23,SDP,0.2,1,1,0,0,0,0,0,0,,0,0,0,0,,7,.758,0,0,1,1,0,0,0,1,0,1,0,0,2.0,17
137,133,Miguel Castro,24,BAL,67.2,59,59,27,1,2,5,2,3,40%,12,7,45,20,44%,8,.738,14,11,30,16,5,38,27,32,22,18,23,11,3.4,19
138,134,Xavier Cedeno*,32,CHC,2.0,5,5,1,0,0,0,0,0,,1,0,0,0,,8,.486,1,2,2,1,1,3,0,5,0,4,0,1,1.2,9
139,135,Luis Cessa,27,NYY,73.0,37,37,13,2,1,1,1,0,100%,5,4,15,3,20%,8,.602,5,9,21,13,4,20,8,29,26,3,28,1,5.9,33
140,136,Jhoulys Chacin,31,TOT,91.2,21,1,0,0,0,0,0,0,,0,0,0,0,,,.976,0,0,1,0,0,1,0,1,0,0,0,0,3.0,17
141,137,Jhoulys Chacin,31,BOS,3.0,2,1,0,0,0,0,0,0,,0,0,0,0,,6,.500,0,0,1,0,0,1,0,1,0,0,0,0,3.0,17
142,138,Andrew Chafin*,29,ARI,50.0,70,70,6,2,2,3,0,3,0%,30,23,46,4,9%,8,1.226,29,14,26,43,11,16,27,43,10,43,15,20,2.1,12
143,139,Aroldis Chapman*,31,NYY,53.2,56,56,49,3,2,41,36,5,88%,41,0,10,1,10%,9,1.844,30,13,13,51,4,1,5,51,0,4,0,16,2.9,17
144,140,JT Chargois,28,LAD,21.1,21,21,9,1,0,0,0,0,,0,0,11,7,64%,8,.330,0,4,17,9,0,12,6,15,4,5,5,4,3.0,14
145,141,Tyler Chatwood,29,CHC,69.1,34,29,9,4,2,4,2,2,50%,7,3,12,6,50%,5,1.036,8,7,12,12,6,11,6,23,15,2,15,2,4.8,28
146,142,Jesse Chavez,35,TEX,78.0,48,39,5,2,2,2,1,1,50%,10,8,19,8,42%,7,.977,17,5,16,17,8,14,10,29,11,6,13,7,3.7,21
147,143,Wei-Yin Chen*,33,MIA,62.0,42,42,14,0,1,0,0,0,,4,3,14,6,43%,6,.386,5,3,33,6,4,32,9,33,21,9,23,4,4.4,25
148,144,Yonny Chirinos,25,TBR,126.2,23,6,0,3,0,0,0,0,,0,0,1,0,0%,2,.846,0,4,2,4,1,1,1,5,6,0,6,0,12.7,62
149,145,Adam Cimber,28,CLE,52.1,61,61,10,5,3,2,0,2,0%,21,18,41,9,22%,8,1.213,27,14,18,31,13,17,27,34,13,30,18,15,2.6,12
150,146,Steve Cishek,33,CHC,59.1,63,63,21,3,5,10,7,3,70%,23,11,19,4,21%,7,1.501,28,13,22,40,13,10,15,48,8,13,9,20,2.8,16
151,147,Jose Cisnero,30,DET,29.0,27,27,8,0,3,2,0,2,0%,6,4,16,5,31%,8,1.011,10,5,12,6,5,16,12,15,8,10,8,3,3.2,20
152,148,Taylor Clarke,26,ARI,71.0,18,4,3,0,1,1,1,0,100%,1,0,0,0,,7,.872,1,0,3,2,1,1,0,4,4,0,4,0,7.3,34
153,149,Emmanuel Clase,21,TEX,15.2,15,14,7,2,2,1,1,0,100%,4,3,8,2,25%,9,1.404,5,5,4,5,2,7,4,10,3,4,3,3,3.1,15
154,150,Alex Claudio*,27,MIL,58.0,75,75,9,2,2,3,0,3,0%,25,21,42,10,24%,6,1.002,27,25,22,34,16,25,28,47,10,39,12,24,2.3,12
155,Rk,Name,Age,Tm,IP,G,GR,GF,Wgr,Lgr,SVOpp,SV,BSv,SV%,SVSit,Hold,IR,IS,IS%,1stIP,aLI,LevHi,LevMd,LevLo,Ahd,Tie,Bhd,Runr,Empt,>3o,<3o,IPmult,0DR,Out/GR,Pit/GR
156,151,Tyler Clippard,34,CLE,56.2,48,46,7,1,0,0,0,0,,7,7,20,5,25%,7,.759,10,15,20,13,5,28,14,32,15,3,17,6,3.5,17
157,152,A.J. Cole,27,CLE,26.0,25,25,9,3,1,1,1,0,100%,2,0,18,2,11%,8,1.005,4,8,12,4,3,18,10,15,10,8,12,4,3.1,19
158,153,Taylor Cole,29,LAA,45.1,32,26,8,3,2,0,0,0,,4,4,12,1,8%,7,.945,6,10,10,9,4,13,7,19,13,4,13,6,4.4,26
159,154,Tim Collins*,29,CHC,8.2,9,9,3,0,0,0,0,0,,0,0,5,0,0%,9,.451,2,0,7,1,2,6,3,6,2,3,3,0,2.9,18
160,155,Alex Colome,30,CHW,54.0,54,54,48,4,3,27,26,1,96%,27,0,13,4,31%,9,1.522,27,9,14,35,9,10,7,47,5,5,5,10,3.0,15
161,156,Adam Conley*,29,MIA,55.2,55,55,17,2,8,4,2,2,50%,10,6,21,2,10%,9,.956,19,7,26,20,10,25,12,43,10,17,14,12,3.0,18
162,157,Sam Coonrod,26,SFG,21.2,25,25,9,4,1,1,0,1,0%,2,0,12,2,17%,8,.624,4,5,13,5,2,18,6,19,0,6,0,4,2.6,13
163,158,Jimmy Cordero,27,TOT,25.1,20,20,4,0,1,0,0,0,,2,2,13,0,0%,,.689,4,3,13,6,1,13,10,10,10,6,11,2,3.8,20
164,159,Jimmy Cordero,27,TOR,1.1,1,1,1,0,1,0,0,0,,0,0,1,0,0%,12,1.274,0,0,1,0,0,1,1,0,1,0,1,0,4.0,15
165,160,Jimmy Cordero,27,CHW,24.0,19,19,3,0,0,0,0,0,,2,2,12,0,0%,6,.659,4,3,12,6,1,12,9,10,9,6,10,2,3.8,20
166,161,Nestor Cortes Jr.*,24,NYY,59.2,28,28,5,5,0,1,0,1,0%,3,1,15,5,33%,7,.750,4,7,16,12,4,12,10,18,21,5,21,0,6.4,41
167,162,Dylan Covey,27,CHW,55.0,17,6,2,0,1,1,0,1,0%,1,0,10,8,80%,7,.874,2,2,2,1,1,4,5,1,4,1,4,0,4.8,25
168,163,Stefan Crichton,27,ARI,22.1,19,19,5,0,0,0,0,0,,1,1,12,4,33%,7,.308,1,4,14,7,0,12,8,11,8,7,9,4,3.5,18
169,164,Kyle Crick,26,PIT,49.0,52,52,9,3,7,6,0,6,0%,19,13,9,3,33%,8,1.523,23,12,16,25,11,16,4,48,2,10,2,12,2.8,18
170,165,Charlie Culberson,30,ATL,2.0,2,2,2,0,0,0,0,0,,0,0,0,0,,9,.001,0,0,0,0,0,2,0,2,0,0,0,0,3.0,26
171,166,John Curtiss,26,LAA,2.1,1,1,1,0,0,0,0,0,,0,0,1,0,0%,6,.036,0,0,1,0,0,1,1,0,1,0,1,0,7.0,48
172,167,Austin Davis*,26,PHI,15.0,10,10,6,0,0,0,0,0,,0,0,0,0,,9,.231,0,1,9,1,0,9,0,10,4,0,4,1,4.5,30
173,168,Chris Davis,33,BAL,1.0,1,1,1,0,0,0,0,0,,0,0,0,0,,9,.000,0,0,0,0,0,1,0,1,0,0,0,0,3.0,22
174,169,Rookie Davis,26,PIT,10.2,5,4,2,0,0,0,0,0,,0,0,0,0,,9,.622,0,1,2,0,0,4,0,4,3,0,3,0,5.8,29
175,170,Taylor Davis,29,CHC,1.0,1,1,1,0,0,0,0,0,,0,0,0,0,,9,.000,0,0,0,0,0,1,0,1,0,0,0,0,3.0,12
176,171,Wade Davis,33,COL,42.1,48,48,32,1,6,18,15,3,83%,18,0,9,1,11%,9,1.535,19,7,22,27,10,11,5,43,2,11,2,7,2.6,17
177,172,Grant Dayton*,31,ATL,8.1,10,10,2,0,0,0,0,0,,1,1,6,1,17%,5,.302,1,2,7,4,0,6,3,7,0,4,1,3,2.5,15
178,173,Chase De Jong,25,MIN,1.0,1,1,1,0,0,0,0,0,,0,0,0,0,,9,.126,0,0,0,1,0,0,0,1,0,0,0,0,3.0,46
179,174,Jose De Leon,26,TBR,3.0,2,2,0,1,0,0,0,0,,0,0,0,0,,6,.978,0,0,2,0,0,2,0,2,1,0,2,0,4.5,30
180,175,Enyel De Los Santos,23,PHI,11.0,5,4,3,0,0,0,0,0,,0,0,0,0,,7,.556,0,0,4,2,0,2,0,4,3,0,3,0,5.3,28
181,Rk,Name,Age,Tm,IP,G,GR,GF,Wgr,Lgr,SVOpp,SV,BSv,SV%,SVSit,Hold,IR,IS,IS%,1stIP,aLI,LevHi,LevMd,LevLo,Ahd,Tie,Bhd,Runr,Empt,>3o,<3o,IPmult,0DR,Out/GR,Pit/GR
182,176,Miguel Del Pozo*,26,LAA,7.1,10,10,1,1,1,0,0,0,,1,0,7,2,29%,6,.904,1,3,6,1,1,8,3,7,1,6,2,2,2.2,12
183,177,Daniel Descalso,32,CHC,1.0,1,1,0,0,0,0,0,0,,0,0,0,0,,7,.004,0,0,1,0,0,1,0,1,0,0,0,0,3.0,14
184,178,Ian Desmond,33,COL,1.0,1,1,1,0,0,0,0,0,,0,0,0,0,,8,.000,0,0,0,0,0,1,0,1,0,0,0,0,3.0,15
185,179,Ross Detwiler*,33,CHW,54.1,15,6,2,0,0,0,0,0,,0,0,3,3,100%,6,.730,0,0,6,0,0,6,2,4,4,1,4,0,6.3,35
186,180,Chris Devenski,28,HOU,61.0,55,54,19,2,2,1,0,1,0%,7,6,18,4,22%,8,.683,8,11,30,28,3,23,11,43,11,10,11,11,3.3,18
187,181,Edwin Diaz,25,NYM,53.0,60,60,45,2,7,32,25,7,78%,32,0,13,8,62%,9,2.019,27,15,18,42,11,7,8,52,2,12,2,12,2.7,17
188,182,Jairo Diaz,28,COL,46.1,47,47,13,5,3,3,1,2,33%,10,7,19,6,32%,7,1.010,17,12,18,16,8,23,12,35,7,9,9,12,3.0,15
189,183,Miguel Diaz,24,SDP,6.1,5,5,2,0,0,0,0,0,,1,1,3,0,0%,6,.806,0,3,2,2,0,3,3,2,3,1,3,0,3.8,20
190,184,Yennsy Diaz,22,TOR,0.2,1,1,0,0,0,0,0,0,,0,0,0,0,,5,1.143,0,0,1,0,0,1,0,1,0,1,0,0,2.0,33
191,185,Phillip Diehl*,24,COL,2.0,2,2,1,0,0,0,0,0,,0,0,0,0,,9,.009,0,0,1,1,0,1,0,2,0,0,0,1,3.0,24
192,186,Jake Diekman*,32,TOT,56.0,68,68,5,1,7,2,0,2,0%,31,27,32,8,25%,,1.476,32,18,18,39,13,16,20,48,4,24,8,18,2.5,16
193,187,Jake Diekman*,32,KCR,41.2,48,48,4,0,6,2,0,2,0%,20,18,22,5,23%,8,1.526,26,8,14,26,10,12,15,33,3,14,5,11,2.6,16
194,188,Jake Diekman*,32,OAK,14.1,20,20,1,1,1,0,0,0,,11,9,10,3,30%,8,1.338,6,10,4,13,3,4,5,15,1,10,3,7,2.2,14
195,189,Brandon Dixon,27,DET,2.0,2,2,2,0,0,0,0,0,,0,0,0,0,,9,.000,0,0,0,0,0,2,0,2,0,0,0,0,3.0,14
196,190,Randy Dobnak,24,MIN,11.0,5,3,3,0,0,1,1,0,100%,1,0,0,0,,8,.455,0,0,3,1,0,2,0,3,2,0,2,0,8.0,46
197,191,Seranthony Dominguez,24,PHI,24.2,27,27,2,3,0,2,0,2,0%,11,9,7,2,29%,7,1.416,14,9,3,15,8,4,5,22,2,7,2,8,2.7,17
198,192,Sean Doolittle*,32,WSN,55.0,57,57,52,6,4,34,28,6,82%,34,0,20,8,40%,9,1.945,26,15,16,46,9,2,12,45,7,10,7,16,2.9,17
199,193,Kyle Dowdy,26,TEX,22.1,13,12,2,2,1,1,0,1,0%,1,0,8,6,75%,7,.694,4,1,7,3,2,7,4,8,7,3,8,0,4.8,31
200,194,Brian Dozier,32,WSN,1.0,1,1,1,0,0,0,0,0,,0,0,3,3,100%,8,.000,0,0,0,0,0,1,1,0,0,0,0,0,3.0,16
201,195,Oliver Drake,32,TBR,44.0,40,40,9,4,2,3,2,1,67%,11,8,17,4,24%,8,.976,13,7,19,20,7,13,13,27,14,10,15,10,3.3,20
202,196,Tyler Duffey,28,MIN,49.1,50,50,12,4,1,1,0,1,0%,13,11,23,4,17%,8,.977,17,10,21,28,5,17,15,35,9,15,10,11,3.0,17
203,197,Zach Duke*,36,CIN,23.1,30,30,4,3,1,0,0,0,,5,4,13,5,38%,6,.652,7,9,14,12,4,14,8,22,4,19,5,7,2.3,14
204,198,Ryan Dull,29,TOT,10.0,8,8,4,0,0,0,0,0,,1,1,0,0,,,.568,1,3,4,2,1,5,0,8,3,1,3,1,3.8,27
205,199,Ryan Dull,29,OAK,9.0,7,7,4,0,0,0,0,0,,1,1,0,0,,8,.380,0,3,4,2,0,5,0,7,3,1,3,1,3.9,27
206,200,Ryan Dull,29,NYY,1.0,1,1,0,0,0,0,0,0,,0,0,0,0,,7,1.940,1,0,0,0,1,0,0,1,0,0,0,0,3.0,26
207,Rk,Name,Age,Tm,IP,G,GR,GF,Wgr,Lgr,SVOpp,SV,BSv,SV%,SVSit,Hold,IR,IS,IS%,1stIP,aLI,LevHi,LevMd,LevLo,Ahd,Tie,Bhd,Runr,Empt,>3o,<3o,IPmult,0DR,Out/GR,Pit/GR
208,201,Mike Dunn*,34,COL,17.2,28,28,2,1,0,1,0,1,0%,4,2,20,7,35%,7,.838,8,7,13,8,5,15,12,16,1,19,1,10,1.9,11
209,202,Jon Duplantier,24,ARI,27.2,10,7,3,1,0,1,1,0,100%,1,0,0,0,,10,1.148,2,2,3,2,2,3,0,7,4,1,4,0,6.3,39
210,203,Montana DuRapau,27,PIT,17.1,14,12,6,0,0,0,0,0,,0,0,5,3,60%,9,.310,0,3,5,3,0,9,2,10,4,3,4,3,3.7,23
211,204,Sam Dyson,31,TOT,62.1,61,61,8,5,1,4,2,2,50%,28,23,16,7,44%,,1.193,32,12,17,32,12,17,8,53,6,7,8,12,3.1,14
212,205,Sam Dyson,31,SFG,51.0,49,49,8,4,1,3,2,1,67%,20,17,14,6,43%,7,1.157,26,9,14,21,12,16,6,43,5,5,6,10,3.1,13
213,206,Sam Dyson,31,MIN,11.1,12,12,0,1,0,1,0,1,0%,8,6,2,1,50%,7,1.328,6,3,3,11,0,1,2,10,1,2,2,2,2.8,17
214,207,Ryan Eades,27,TOT,7.0,4,4,1,0,0,0,0,0,,0,0,1,0,0%,,.179,0,0,4,1,0,3,1,3,4,0,4,0,5.3,33
215,208,Ryan Eades,27,MIN,3.2,2,2,0,0,0,0,0,0,,0,0,0,0,,8,.279,0,0,2,0,0,2,0,2,2,0,2,0,5.5,37
216,209,Ryan Eades,27,BAL,3.1,2,2,1,0,0,0,0,0,,0,0,1,0,0%,8,.064,0,0,2,1,0,1,1,1,2,0,2,0,5.0,30
217,210,Carl Edwards Jr.,27,TOT,17.0,22,22,4,1,1,2,0,2,0%,6,4,12,8,67%,,.881,9,2,11,8,2,12,8,14,2,11,2,4,2.3,16
218,211,Carl Edwards Jr.,27,CHC,15.1,20,20,3,1,1,2,0,2,0%,6,4,12,8,67%,8,1.044,9,2,9,8,2,10,8,12,2,10,2,3,2.3,15
219,212,Carl Edwards Jr.,27,SDP,1.2,2,2,1,0,0,0,0,0,,0,0,0,0,,9,.137,0,0,2,0,0,2,0,2,0,1,0,1,2.5,26
220,213,Jon Edwards,31,CLE,8.0,9,9,3,2,0,0,0,0,,0,0,2,1,50%,9,.423,1,1,6,3,2,4,2,7,1,4,1,1,2.7,16
221,214,Zach Eflin,25,PHI,140.0,28,4,3,0,0,0,0,0,,0,0,0,0,,12,.924,1,0,3,0,1,3,0,4,2,0,2,0,4.3,22
222,215,Jerad Eickhoff,28,PHI,58.1,12,2,1,0,0,1,1,0,100%,1,0,0,0,,7,.788,0,0,1,1,0,1,0,2,1,0,1,0,7.5,49
223,216,Roenis Elias*,30,TOT,50.0,48,48,28,4,2,17,14,3,82%,19,2,25,15,60%,,1.498,22,9,15,27,10,11,12,36,7,13,10,11,3.1,18
224,217,Roenis Elias*,30,SEA,47.0,44,44,28,4,2,16,14,2,88%,17,1,22,14,64%,9,1.533,21,8,13,25,10,9,11,33,7,10,9,11,3.2,18
225,218,Roenis Elias*,30,WSN,3.0,4,4,0,0,0,1,0,1,0%,2,1,3,1,33%,8,.951,1,1,2,2,0,2,1,3,0,3,1,0,2.3,10
226,219,Chris Ellis,26,KCR,1.0,1,1,1,0,0,0,0,0,,0,0,0,0,,9,.152,0,0,1,0,0,1,0,1,0,0,0,0,3.0,17
227,220,Nathan Eovaldi,29,BOS,48.1,19,11,2,1,0,1,0,1,0%,6,4,1,0,0%,8,.932,3,4,3,9,0,2,1,10,3,2,3,1,3.6,23
228,221,Robbie Erlin*,28,SDP,50.2,34,33,9,0,0,1,0,1,0%,7,5,12,1,8%,6,.475,7,6,20,10,1,22,8,25,16,7,16,4,4.4,26
229,222,Luis Escobar,23,PIT,5.2,4,4,2,0,0,0,0,0,,0,0,4,0,0%,10,.138,0,0,4,0,0,4,2,2,3,1,3,0,4.3,26
230,223,Tom Eshelman,25,BAL,36.0,10,6,2,1,0,0,0,0,,0,0,2,2,100%,6,.748,0,2,2,1,0,5,1,5,5,1,5,0,8.8,47
231,224,Carlos Estevez,26,COL,65.1,64,64,13,2,2,2,0,2,0%,9,7,36,12,33%,7,.873,16,19,27,22,10,32,22,42,17,16,21,11,3.1,18
232,225,Peter Fairbanks,25,TOT,13.0,12,12,0,1,2,0,0,0,,1,1,2,1,50%,,.819,1,4,7,4,2,6,2,10,4,2,4,0,3.3,19
233,Rk,Name,Age,Tm,IP,G,GR,GF,Wgr,Lgr,SVOpp,SV,BSv,SV%,SVSit,Hold,IR,IS,IS%,1stIP,aLI,LevHi,LevMd,LevLo,Ahd,Tie,Bhd,Runr,Empt,>3o,<3o,IPmult,0DR,Out/GR,Pit/GR
234,226,Peter Fairbanks,25,TEX,8.2,8,8,0,0,2,0,0,0,,0,0,2,1,50%,8,.714,1,1,6,2,2,4,2,6,3,2,3,0,3.3,21
235,227,Peter Fairbanks,25,TBR,4.1,4,4,0,1,0,0,0,0,,1,1,0,0,,8,1.057,0,3,1,2,0,2,0,4,1,0,1,0,3.3,15
236,228,Jeurys Familia,29,NYM,51.0,57,57,13,4,2,4,0,4,0%,16,12,13,5,38%,8,1.090,17,9,30,29,6,22,8,49,5,16,6,15,2.7,16
237,229,Jake Faria,25,TOT,15.1,12,12,3,0,0,0,0,0,,2,2,2,0,0%,,.655,2,2,8,4,0,8,1,11,6,2,7,0,3.8,27
238,230,Jake Faria,25,TBR,10.0,7,7,1,0,0,0,0,0,,0,0,2,0,0%,7,.530,1,1,5,1,0,6,1,6,5,1,6,0,4.3,31
239,231,Jake Faria,25,MIL,5.1,5,5,2,0,0,0,0,0,,2,2,0,0,,9,.901,1,1,3,3,0,2,0,5,1,1,1,0,3.2,20
240,232,Buck Farmer,28,DET,58.0,64,63,7,5,6,3,0,3,0%,16,13,44,18,41%,7,1.162,24,21,17,21,16,26,21,42,13,25,13,15,2.7,16
241,233,Kyle Farmer,28,CIN,1.1,1,1,1,0,0,0,0,0,,0,0,2,0,0%,8,.008,0,0,1,0,0,1,1,0,1,0,1,0,4.0,12
242,234,Luke Farrell,28,TEX,6.0,4,4,3,0,0,0,0,0,,0,0,5,1,20%,9,.260,0,1,3,1,0,3,2,2,2,1,2,0,4.5,24
243,235,Erick Fedde,26,WSN,73.0,18,6,1,0,0,0,0,0,,0,0,2,0,0%,7,.877,1,1,4,1,0,5,1,5,4,0,4,0,6.3,33
244,236,Tim Federowicz,31,TEX,1.0,1,1,1,0,0,0,0,0,,0,0,0,0,,9,.000,0,0,0,0,0,1,0,1,0,0,0,0,3.0,13
245,237,Ryan Feierabend*,33,TOR,5.2,2,1,1,0,0,0,0,0,,0,0,1,0,0%,8,.624,0,0,1,0,0,1,1,0,1,0,1,0,5.0,30
246,238,Michael Feliz,26,PIT,50.2,52,51,5,2,3,1,0,1,0%,4,3,25,7,28%,7,.795,8,17,25,17,10,24,16,35,10,11,11,9,3.0,17
247,239,Caleb Ferguson*,22,LAD,39.0,39,38,3,1,0,0,0,0,,5,3,8,4,50%,7,.555,4,6,28,19,2,17,5,33,6,10,8,6,2.9,18
248,240,Jose Fernandez*,26,DET,3.2,4,4,0,0,0,0,0,0,,1,0,5,0,0%,9,.280,0,1,3,1,0,3,2,2,1,3,2,1,2.8,19
249,241,Junior Fernandez,22,STL,7.1,7,7,2,0,0,0,0,0,,0,0,1,0,0%,8,.445,0,1,6,2,0,5,1,6,2,2,2,1,3.1,20
250,242,Matt Festa,26,SEA,22.1,20,20,10,0,2,2,0,2,0%,5,3,5,2,40%,9,.762,5,3,12,8,3,9,2,18,5,3,6,1,3.4,20
251,243,Heath Fillmyer,25,KCR,17.0,6,3,1,0,0,0,0,0,,0,0,0,0,,7,.778,0,1,2,1,0,2,0,3,1,0,1,0,5.0,26
252,244,Chris Flexen,24,NYM,13.2,9,8,4,0,2,0,0,0,,0,0,5,1,20%,8,1.152,3,0,5,1,3,4,3,5,3,2,4,0,3.5,23
253,245,Dylan Floro,28,LAD,41.0,42,42,3,4,3,3,0,3,0%,8,5,26,11,42%,8,1.138,15,8,19,19,9,14,15,27,9,15,12,10,2.9,16
254,246,Brian Flynn*,29,KCR,29.1,11,10,3,2,1,0,0,0,,0,0,4,2,50%,5,.949,3,3,4,2,2,6,3,7,8,1,8,0,8.2,47
255,247,Wilmer Font,29,TOT,72.0,40,27,5,3,1,1,0,1,0%,2,1,17,8,47%,,.741,4,6,16,8,2,17,10,17,15,6,15,1,4.8,30
256,248,Wilmer Font,29,TOT,41.0,25,15,4,2,0,0,0,0,,1,1,9,6,67%,,.702,2,4,8,7,0,8,5,10,7,4,7,1,4.5,29
257,249,Wilmer Font,29,TBR,14.0,10,10,3,1,0,0,0,0,,1,1,6,3,50%,7,.407,2,1,6,6,0,4,3,7,4,3,4,1,4.2,29
258,250,Wilmer Font,29,NYM,31.0,15,12,1,1,1,1,0,1,0%,1,0,8,2,25%,7,.790,2,2,8,1,2,9,5,7,8,2,8,0,5.2,30
259,Rk,Name,Age,Tm,IP,G,GR,GF,Wgr,Lgr,SVOpp,SV,BSv,SV%,SVSit,Hold,IR,IS,IS%,1stIP,aLI,LevHi,LevMd,LevLo,Ahd,Tie,Bhd,Runr,Empt,>3o,<3o,IPmult,0DR,Out/GR,Pit/GR
260,251,Wilmer Font,29,TOR,27.0,15,5,1,1,0,0,0,0,,0,0,3,3,100%,6,.862,0,3,2,1,0,4,2,3,3,1,3,0,5.2,29
261,252,Mike Ford,26,NYY,2.0,1,1,1,0,0,0,0,0,,0,0,0,0,,8,.000,0,0,0,0,0,1,0,1,1,0,1,0,6.0,42
262,253,Ty France,24,SDP,2.0,2,2,2,0,0,0,0,0,,0,0,0,0,,9,.000,0,0,0,0,0,2,0,2,0,0,0,0,3.0,14
263,254,Caleb Frare*,25,CHW,2.2,5,5,1,0,0,0,0,0,,0,0,8,3,38%,8,.386,1,1,3,0,0,5,4,1,1,4,1,1,1.6,11
264,255,Mike Freeman,31,CLE,2.0,1,1,1,0,0,0,0,0,,0,0,0,0,,7,.000,0,0,0,0,0,1,0,1,1,0,1,0,6.0,23
265,256,Sam Freeman*,32,LAA,2.0,1,1,0,0,0,0,0,0,,0,0,2,1,50%,7,.216,0,0,1,0,0,1,1,0,1,0,1,0,6.0,40
266,257,Max Fried*,25,ATL,149.1,29,2,1,0,0,0,0,0,,0,0,2,2,100%,8,.919,1,0,1,0,1,1,1,1,0,1,0,0,2.5,18
267,258,Jace Fry*,25,CHW,48.2,59,59,6,2,4,2,0,2,0%,15,11,36,7,19%,7,.882,18,10,29,19,10,30,19,40,15,28,17,13,2.5,16
268,259,Paul Fry*,26,BAL,51.2,58,58,8,1,8,7,3,4,43%,19,9,39,11,28%,7,1.126,22,15,21,27,7,24,26,32,13,27,23,13,2.7,16
269,260,Carson Fulmer,25,CHW,21.2,16,15,3,1,1,0,0,0,,1,1,10,5,50%,3,.798,3,4,7,2,3,10,6,9,5,4,7,3,3.9,28
270,261,Drew Gagnon,29,NYM,22.2,17,17,7,3,1,1,0,1,0%,1,0,10,3,30%,8,.667,4,4,9,4,3,10,5,12,6,5,6,1,4.0,23
271,262,Giovanny Gallegos,27,STL,63.1,55,55,8,3,2,1,0,1,0%,17,16,42,7,17%,7,.828,14,17,23,26,3,26,20,35,22,12,26,5,3.5,18
272,263,John Gant,26,STL,62.2,57,57,13,10,0,6,3,3,50%,23,17,29,9,31%,7,1.214,21,15,21,32,11,14,18,39,18,13,19,8,3.3,18
273,264,Bryan Garcia,24,DET,2.0,2,2,1,0,0,0,0,0,,1,1,0,0,,9,1.174,0,2,0,1,0,1,0,2,0,0,0,0,3.0,14
274,265,Edgar Garcia,22,PHI,32.0,31,31,7,2,0,0,0,0,,2,2,9,1,11%,8,.425,2,7,20,7,1,23,6,25,7,9,8,4,3.1,19
275,266,Jarlin Garcia*,26,MIA,43.1,44,44,11,2,1,1,0,1,0%,5,4,27,6,22%,7,.737,11,8,24,14,6,24,15,29,11,13,12,10,3.0,15
276,267,Luis Garcia,32,LAA,56.1,58,56,17,2,1,3,1,2,33%,9,5,24,11,46%,8,.738,9,12,33,18,4,34,15,41,10,13,12,13,2.9,17
277,268,Yimi Garcia,28,LAD,59.1,59,59,22,1,4,2,0,2,0%,5,3,17,6,35%,8,.650,12,8,38,25,7,27,9,50,10,12,11,13,3.0,16
278,269,Amir Garrett*,27,CIN,52.2,62,62,3,4,2,2,0,2,0%,26,21,40,12,30%,7,1.429,29,25,8,31,12,19,25,37,10,26,21,12,2.5,15
279,270,Reed Garrett,26,DET,15.1,13,13,5,0,0,1,0,1,0%,1,0,3,0,0%,7,.287,1,0,11,2,0,11,2,11,4,1,5,1,3.5,25
280,271,Ryan Garton,29,SEA,3.0,2,2,0,0,0,0,0,0,,0,0,0,0,,6,.032,0,0,1,0,0,2,0,2,1,0,2,0,4.5,32
281,272,Kevin Gausman,28,TOT,94.0,26,10,4,0,1,0,0,0,,2,2,5,1,20%,,.918,2,2,5,3,2,5,2,8,5,1,5,1,4.2,26
282,273,Kevin Gausman,28,CIN,14.0,10,10,4,0,1,0,0,0,,2,2,5,1,20%,8,.798,2,2,5,3,2,5,2,8,5,1,5,1,4.2,26
283,274,Sam Gaviglio,29,TOR,88.2,45,45,9,4,2,0,0,0,,1,1,20,4,20%,6,.455,1,11,32,8,6,31,12,33,34,3,35,2,5.9,29
284,275,Cory Gearrin,33,TOT,49.1,56,54,6,1,1,0,0,0,,14,12,22,6,27%,,.960,12,18,22,25,6,23,15,39,6,19,8,9,2.6,14
285,Rk,Name,Age,Tm,IP,G,GR,GF,Wgr,Lgr,SVOpp,SV,BSv,SV%,SVSit,Hold,IR,IS,IS%,1stIP,aLI,LevHi,LevMd,LevLo,Ahd,Tie,Bhd,Runr,Empt,>3o,<3o,IPmult,0DR,Out/GR,Pit/GR
286,276,Cory Gearrin,33,SEA,41.1,48,46,3,0,1,0,0,0,,13,11,22,6,27%,7,.984,11,15,18,21,5,20,15,31,5,17,7,8,2.6,14
287,277,Cory Gearrin,33,NYY,8.0,8,8,3,1,0,0,0,0,,1,1,0,0,,9,.837,1,3,4,4,1,3,0,8,1,2,1,1,3.0,18
288,278,Domingo German,26,NYY,136.2,25,1,0,1,0,0,0,0,,0,0,0,0,,6,.906,0,1,0,0,1,0,0,1,1,0,1,0,6.0,25
289,279,Ian Gibaut,25,TOT,10.1,6,6,1,0,0,0,0,0,,0,0,2,0,0%,,.518,0,1,4,1,0,5,1,5,5,0,5,1,5.2,30
290,280,Ian Gibaut,25,TBR,2.0,1,1,1,0,0,0,0,0,,0,0,0,0,,8,.000,0,0,0,1,0,0,0,1,1,0,1,0,6.0,35
291,281,Ian Gibaut,25,TEX,8.1,5,5,0,0,0,0,0,0,,0,0,2,0,0%,6,.655,0,1,4,0,0,5,1,4,4,0,4,1,5.0,29
292,282,Kyle Gibson,31,MIN,149.1,28,1,0,0,0,0,0,0,,0,0,0,0,,17,.950,1,0,0,0,1,0,0,1,0,0,0,0,3.0,11
293,283,Ken Giles,28,TOR,45.0,45,45,38,2,3,19,18,1,95%,19,0,4,2,50%,9,1.756,23,7,14,25,10,10,4,41,3,2,3,7,3.0,15
294,284,Kevin Ginkel,25,ARI,17.1,17,17,1,2,0,0,0,0,,6,5,11,2,18%,8,1.214,6,4,7,9,1,7,6,11,3,7,5,6,3.1,16
295,285,Mychal Givens,29,BAL,54.2,49,49,31,2,5,17,11,6,65%,22,5,21,2,10%,8,1.817,27,5,15,29,10,10,16,33,16,6,20,7,3.3,19
296,286,Zack Godley,29,TOT,92.0,33,24,10,3,0,2,2,0,100%,2,0,4,2,50%,,.679,2,5,17,7,3,14,4,20,16,1,16,0,6.6,34
297,287,Zack Godley,29,ARI,76.0,27,18,9,2,0,2,2,0,100%,2,0,2,0,0%,7,.656,2,1,15,6,1,11,2,16,11,1,11,0,6.2,30
298,288,Zack Godley,29,TOR,16.0,6,6,1,1,0,0,0,0,,0,0,2,2,100%,4,.791,0,4,2,1,2,3,2,4,5,0,5,0,8.0,43
299,289,Jeanmar Gomez,31,TEX,15.1,16,16,6,1,0,0,0,0,,0,0,15,6,40%,8,.474,2,4,10,3,1,12,8,8,3,6,4,3,2.9,17
300,290,Tony Gonsolin,25,LAD,32.0,7,1,1,0,0,1,1,0,100%,1,0,0,0,,6,.784,0,0,1,1,0,0,0,1,1,0,1,0,12.0,49
301,291,Chi Chi Gonzalez,27,COL,42.0,10,1,0,0,1,0,0,0,,0,0,0,0,,6,.970,0,1,0,0,1,0,0,1,0,1,0,0,0.0,13
302,292,Nick Goody,27,CLE,36.2,34,34,5,3,1,0,0,0,,9,9,16,6,38%,7,1.012,12,6,16,22,6,6,9,25,8,7,10,4,3.2,19
303,293,Alex Gordon,35,KCR,2.1,2,2,1,0,0,0,0,0,,0,0,0,0,,9,.000,0,0,0,0,0,2,0,2,1,0,1,0,3.5,31
304,294,Trevor Gott,26,SFG,52.2,50,50,6,7,0,2,1,1,50%,3,1,35,7,20%,6,.948,12,16,22,12,11,27,18,32,12,11,14,4,3.2,18
305,295,Matt Grace*,30,WSN,46.2,51,50,12,1,2,0,0,0,,4,4,34,15,44%,6,.574,8,14,27,15,7,28,21,29,9,23,12,11,2.7,14
306,296,Brusdar Graterol,20,MIN,2.0,3,3,2,0,0,0,0,0,,0,0,1,1,100%,11,1.128,1,0,2,1,1,1,1,2,0,1,0,0,2.0,12
307,297,Jon Gray,27,COL,150.0,26,1,1,0,0,0,0,0,,0,0,1,1,100%,9,1.016,1,0,0,0,1,0,1,0,0,1,0,0,1.0,12
308,298,Chad Green,28,NYY,60.2,48,35,9,3,3,2,2,0,100%,6,4,19,5,26%,8,.930,9,13,13,17,6,12,12,23,12,10,15,2,3.7,24
309,299,Shane Greene,30,TOT,56.1,58,58,37,0,3,28,23,5,82%,36,8,4,4,100%,,1.744,35,8,13,46,7,5,2,56,0,3,0,18,2.9,15
310,300,Shane Greene,30,DET,38.0,38,38,32,0,2,25,22,3,88%,25,0,0,0,,9,1.853,26,4,6,29,5,4,0,38,0,0,0,9,3.0,15
311,Rk,Name,Age,Tm,IP,G,GR,GF,Wgr,Lgr,SVOpp,SV,BSv,SV%,SVSit,Hold,IR,IS,IS%,1stIP,aLI,LevHi,LevMd,LevLo,Ahd,Tie,Bhd,Runr,Empt,>3o,<3o,IPmult,0DR,Out/GR,Pit/GR
312,301,Shane Greene,30,ATL,18.1,20,20,5,0,1,3,1,2,33%,11,8,4,4,100%,8,1.524,9,4,7,17,2,1,2,18,0,3,0,9,2.8,14
313,302,Luke Gregerson,35,STL,5.2,6,6,3,0,0,0,0,0,,0,0,1,1,100%,9,.094,0,0,5,1,0,5,1,5,1,2,1,1,2.8,17
314,303,Zac Grotz,26,SEA,11.2,8,8,4,1,0,0,0,0,,1,1,3,1,33%,8,.982,1,3,2,1,2,5,2,6,6,0,6,0,4.4,27
315,304,Robert Gsellman,25,NYM,63.2,52,52,9,2,3,5,1,4,20%,12,7,21,10,48%,8,1.089,15,15,22,21,10,21,13,39,20,11,21,9,3.7,21
316,305,Reymin Guduan*,27,HOU,5.1,7,7,3,1,0,1,0,1,0%,1,0,3,3,100%,9,.493,1,2,4,3,0,4,1,6,1,4,1,2,2.3,16
317,306,Deolis Guerra,30,MIL,0.2,1,1,0,0,0,0,0,0,,0,0,0,0,,9,.498,0,0,1,1,0,0,0,1,0,1,0,0,2.0,17
318,307,Javy Guerra,33,TOT,60.0,43,43,16,3,1,2,2,0,100%,6,4,22,11,50%,,.458,9,6,28,20,5,18,13,30,17,10,18,9,4.2,22
319,308,Javy Guerra,33,TOR,14.0,11,11,6,0,0,1,1,0,100%,2,1,5,4,80%,8,.630,2,2,7,3,2,6,3,8,4,2,4,2,3.8,19
320,309,Javy Guerra,33,WSN,46.0,32,32,10,3,1,1,1,0,100%,4,3,17,7,41%,7,.406,7,4,21,17,3,12,10,22,13,8,14,7,4.3,23
321,310,Javy Guerra,23,SDP,1.2,2,2,0,0,0,0,0,0,,0,0,0,0,,7,.071,0,0,2,0,0,2,0,2,0,1,0,0,2.5,24
322,311,Junior Guerra,34,MIL,75.1,65,65,9,8,5,10,3,7,30%,29,18,35,15,43%,7,1.392,32,17,16,35,15,15,19,46,21,13,22,16,3.5,20
323,312,Tayron Guerrero,28,MIA,42.0,47,47,9,1,1,4,0,4,0%,9,5,10,6,60%,8,.628,8,8,31,18,5,24,6,41,3,14,4,11,2.7,18
324,313,Taylor Guerrieri,26,TEX,22.0,16,16,3,0,0,0,0,0,,3,3,8,1,13%,8,.459,2,3,10,5,1,10,4,12,8,6,8,2,4.1,25
325,314,Taylor Guilbeau*,26,SEA,7.2,10,10,1,0,0,1,0,1,0%,5,4,6,2,33%,7,.885,2,4,4,6,1,3,4,6,0,4,1,1,2.3,13
326,315,Jandel Gustave,26,SFG,20.0,18,18,3,0,0,2,1,1,50%,5,3,12,5,42%,7,.945,8,2,8,6,2,10,6,12,7,7,9,4,3.3,15
327,316,Jedd Gyorko,30,STL,0.1,1,1,1,0,0,0,0,0,,0,0,1,0,0%,9,.000,0,0,0,0,0,1,1,0,0,1,0,0,1.0,4
328,317,Josh Hader*,25,MIL,66.0,52,52,38,3,5,35,29,6,83%,41,6,28,6,21%,9,1.956,37,12,3,43,8,1,15,37,21,8,23,8,3.8,20
329,318,Jesse Hahn,29,KCR,2.0,2,2,1,0,0,0,0,0,,0,0,0,0,,8,.100,0,0,1,0,0,2,0,2,0,0,0,0,3.0,13
330,319,David Hale,31,NYY,37.1,19,19,10,3,0,2,2,0,100%,3,1,10,1,10%,9,.481,3,3,13,8,2,9,6,13,13,1,14,1,5.9,30
331,320,Matt Hall*,25,DET,16.2,12,12,5,0,1,1,0,1,0%,1,0,10,4,40%,6,.787,2,4,5,1,2,9,5,7,5,3,6,1,4.2,30
332,321,J.D. Hammer,24,PHI,19.0,20,20,7,1,0,1,0,1,0%,1,0,6,3,50%,8,.709,1,5,13,5,1,14,4,16,2,6,2,4,2.9,17
333,322,Brad Hand*,29,CLE,56.1,59,59,54,6,4,39,34,5,87%,39,0,14,0,0%,9,1.942,34,12,13,49,7,3,8,51,7,10,8,18,2.9,16
334,323,Blaine Hardy*,32,DET,44.1,39,39,3,1,1,0,0,0,,7,7,16,7,44%,7,.725,9,6,23,8,5,26,10,29,13,9,16,4,3.4,18
335,324,Ryne Harper,30,MIN,50.2,58,58,5,3,2,4,1,3,25%,16,11,44,16,36%,7,.986,20,14,24,32,8,18,26,32,7,24,12,12,2.6,14
336,325,Will Harris,34,HOU,54.2,61,61,7,4,1,3,2,1,67%,27,24,22,5,23%,7,1.294,25,26,10,37,9,15,13,48,3,12,3,13,2.7,14
337,Rk,Name,Age,Tm,IP,G,GR,GF,Wgr,Lgr,SVOpp,SV,BSv,SV%,SVSit,Hold,IR,IS,IS%,1stIP,aLI,LevHi,LevMd,LevLo,Ahd,Tie,Bhd,Runr,Empt,>3o,<3o,IPmult,0DR,Out/GR,Pit/GR
338,326,Donnie Hart*,28,TOT,7.2,5,5,2,0,0,0,0,0,,0,0,0,0,,,.541,0,1,3,2,0,3,0,5,3,0,3,0,4.6,21
339,327,Donnie Hart*,28,MIL,6.2,4,4,2,0,0,0,0,0,,0,0,0,0,,9,.603,0,1,3,1,0,3,0,4,3,0,3,0,5.0,24
340,328,Donnie Hart*,28,NYM,1.0,1,1,0,0,0,0,0,0,,0,0,0,0,,8,.000,0,0,0,1,0,0,0,1,0,0,0,0,3.0,9
341,329,Geoff Hartlieb,25,PIT,29.1,25,25,10,0,1,0,0,0,,2,2,13,8,62%,8,.495,0,8,16,6,1,18,9,16,10,6,10,3,3.5,23
342,330,Hunter Harvey,24,BAL,5.1,6,6,1,1,0,1,0,1,0%,2,1,1,0,0%,8,1.379,4,0,2,3,2,1,1,5,0,1,0,0,2.7,21
343,331,Joe Harvey,27,TOT,11.0,10,10,5,1,0,0,0,0,,0,0,5,2,40%,,.337,0,1,9,2,0,8,3,7,2,2,3,0,3.3,23
344,332,Joe Harvey,27,NYY,10.0,9,9,4,1,0,0,0,0,,0,0,5,2,40%,9,.357,0,1,8,2,0,7,3,6,2,2,3,0,3.3,23
345,333,Joe Harvey,27,COL,1.0,1,1,1,0,0,0,0,0,,0,0,0,0,,8,.100,0,0,1,0,0,1,0,1,0,0,0,0,3.0,20
346,334,Jeremy Hellickson,32,WSN,39.0,9,1,1,0,0,0,0,0,,0,0,0,0,,8,.816,0,0,1,0,0,1,0,1,1,0,1,0,6.0,31
347,335,Ryan Helsley,24,STL,27.2,15,15,4,1,0,0,0,0,,0,0,8,4,50%,5,.395,1,1,13,2,0,13,5,10,12,1,12,1,5.5,30
348,336,Heath Hembree,30,BOS,37.2,43,43,14,1,0,3,2,1,67%,7,4,24,5,21%,9,.768,10,8,25,16,4,23,14,29,4,16,5,6,2.6,16
349,337,Liam Hendriks,30,OAK,76.1,66,64,32,4,2,24,19,5,79%,32,8,40,16,40%,9,1.452,37,9,17,43,7,14,22,42,21,9,22,18,3.5,18
350,338,Jimmy Herget,25,CIN,3.2,3,3,2,0,0,0,0,0,,0,0,1,1,100%,8,.049,0,0,3,0,0,3,1,2,1,1,1,1,3.7,21
351,339,Darwinzon Hernandez*,22,BOS,29.0,26,25,2,0,0,0,0,0,,3,3,4,2,50%,7,.804,1,9,15,9,1,15,2,23,5,4,6,5,3.1,22
352,340,David Hernandez,34,CIN,42.2,47,47,8,2,5,5,2,3,40%,18,12,25,9,36%,7,1.200,24,10,13,23,10,14,16,31,8,18,10,13,2.7,17
353,341,Elieser Hernandez,24,MIA,72.1,19,6,1,0,1,0,0,0,,0,0,0,0,,8,.838,1,0,5,3,1,2,0,6,2,1,2,0,3.8,26
354,342,Jonathan Hernandez,22,TEX,8.1,4,3,1,1,0,0,0,0,,0,0,2,1,50%,7,1.039,0,1,2,0,0,3,2,1,2,0,2,0,5.7,36
355,343,Kelvin Herrera,29,CHW,43.2,49,49,12,3,3,2,0,2,0%,8,6,16,10,63%,8,.978,14,6,26,17,9,23,11,38,4,15,4,10,2.7,16
356,344,David Hess,25,BAL,77.0,21,7,4,0,0,0,0,0,,0,0,5,3,60%,9,.720,0,1,5,0,0,7,3,4,3,1,3,1,4.0,26
357,345,Jordan Hicks,22,STL,28.2,29,29,21,2,2,15,14,1,93%,19,3,8,0,0%,9,1.631,12,10,6,22,4,3,5,24,7,7,8,8,3.0,16
358,346,Trevor Hildenberger,28,MIN,14.1,20,20,4,2,2,1,1,0,100%,7,6,22,7,32%,7,1.465,11,4,5,12,4,4,9,11,1,11,1,5,2.2,14
359,347,Tim Hill*,29,KCR,30.1,35,35,4,2,0,2,1,1,50%,10,7,38,14,37%,7,.905,15,6,14,11,5,19,23,12,10,21,11,9,2.6,14
360,348,Yoshihisa Hirano,35,ARI,46.0,55,55,11,4,5,6,1,5,17%,20,13,27,4,15%,7,1.617,23,19,13,34,11,10,19,36,6,24,8,9,2.5,15
361,349,Bryan Holaday,31,MIA,0.1,1,1,1,0,0,0,0,0,,0,0,3,0,0%,9,.000,0,0,0,0,0,1,1,0,0,1,0,0,1.0,5
362,350,Jonathan Holder,26,NYY,41.1,34,33,8,5,2,2,0,2,0%,6,4,13,6,46%,7,.969,8,10,15,16,7,10,8,25,11,7,13,4,3.5,20
363,Rk,Name,Age,Tm,IP,G,GR,GF,Wgr,Lgr,SVOpp,SV,BSv,SV%,SVSit,Hold,IR,IS,IS%,1stIP,aLI,LevHi,LevMd,LevLo,Ahd,Tie,Bhd,Runr,Empt,>3o,<3o,IPmult,0DR,Out/GR,Pit/GR
364,351,Derek Holland*,32,TOT,80.1,46,39,17,1,0,1,0,1,0%,3,2,21,8,38%,,.563,7,5,24,11,6,22,13,26,10,9,12,6,3.5,20
365,352,Derek Holland*,32,SFG,68.2,31,24,10,1,0,0,0,0,,0,0,12,3,25%,6,.558,3,3,16,4,3,17,8,16,9,3,11,4,4.3,25
366,353,Derek Holland*,32,CHC,11.2,15,15,7,0,0,1,0,1,0%,3,2,9,5,56%,9,.598,4,2,8,7,3,5,5,10,1,6,1,2,2.3,12
367,354,Greg Holland,33,ARI,35.2,40,40,27,1,2,22,17,5,77%,23,0,5,2,40%,9,1.880,22,9,9,27,7,6,3,37,0,7,0,8,2.7,15
368,355,Clay Holmes,26,PIT,42.1,28,28,9,1,1,1,0,1,0%,2,1,14,5,36%,8,.523,2,6,19,9,2,17,7,21,14,5,15,1,4.5,28
369,356,Adrian Houser,26,MIL,95.1,31,17,7,4,0,0,0,0,,1,1,7,3,43%,7,1.015,5,5,7,4,3,10,3,14,13,0,13,0,5.4,26
370,357,Sam Howard*,26,COL,12.2,12,12,3,0,0,0,0,0,,0,0,11,2,18%,6,.415,2,2,7,0,1,11,8,4,4,4,6,1,3.2,22
371,358,James Hoyt,32,CLE,2.0,2,2,1,0,0,0,0,0,,0,0,0,0,,9,.666,0,1,1,0,0,2,0,2,0,0,0,0,3.0,16
372,359,Wei-Chieh Huang,25,TEX,5.2,4,4,1,0,0,0,0,0,,0,0,3,1,33%,8,.183,0,0,4,0,0,4,2,2,2,0,2,0,4.3,29
373,360,Dakota Hudson,24,STL,153.2,29,1,1,0,0,1,1,0,100%,1,0,3,1,33%,10,1.040,1,0,0,1,0,0,1,0,0,1,0,0,2.0,12
374,361,Daniel Hudson,32,TOT,63.0,61,60,19,8,3,7,3,4,43%,18,11,36,6,17%,,1.346,26,12,22,29,12,19,19,41,13,9,18,14,3.1,18
375,362,Daniel Hudson,32,TOR,48.0,45,44,11,6,3,4,2,2,50%,12,8,22,1,5%,8,1.342,18,10,16,20,9,15,12,32,11,4,16,8,3.2,19
376,363,Daniel Hudson,32,WSN,15.0,16,16,8,2,0,3,1,2,33%,6,3,14,5,36%,9,1.359,8,2,6,9,3,4,7,9,2,5,2,6,2.8,14
377,364,Jared Hughes,33,TOT,59.0,61,61,12,4,5,3,1,2,33%,8,5,36,13,36%,,.884,16,19,24,16,12,33,21,40,16,27,17,16,2.9,16
378,365,Jared Hughes,33,CIN,48.1,47,47,12,3,4,3,1,2,33%,7,4,22,9,41%,6,.870,13,12,20,14,9,24,13,34,13,19,14,10,3.1,17
379,366,Jared Hughes,33,PHI,10.2,14,14,0,1,1,0,0,0,,1,1,14,4,29%,8,.948,3,7,4,2,3,9,8,6,3,8,3,6,2.3,13
380,367,Danny Hultzen*,29,CHC,1.0,1,1,0,0,0,0,0,0,,0,0,0,0,,7,.100,0,0,1,0,0,1,0,1,0,0,0,0,3.0,21
381,368,Tommy Hunter,32,PHI,5.1,5,5,1,0,0,0,0,0,,1,1,0,0,,8,.735,1,1,3,3,1,1,0,5,1,0,1,0,3.2,14
382,369,Raisel Iglesias,29,CIN,60.1,61,61,49,3,11,34,29,5,85%,37,3,16,4,25%,9,1.848,40,14,7,41,16,4,12,49,11,12,13,18,3.0,17
383,370,Cole Irvin*,25,PHI,32.2,11,8,1,0,0,1,1,0,100%,1,0,2,1,50%,8,.797,1,3,4,2,1,5,2,6,5,2,5,1,5.6,33
384,371,Edwin Jackson,35,TOT,57.0,14,3,0,1,1,0,0,0,,0,0,0,0,,,.893,0,2,1,1,1,1,0,3,2,1,2,0,8.7,54
385,372,Edwin Jackson,35,TOR,28.1,8,3,0,1,1,0,0,0,,0,0,0,0,,2,.796,0,2,1,1,1,1,0,3,2,1,2,0,8.7,54
386,373,Jay Jackson,31,MIL,24.1,21,21,8,1,0,0,0,0,,1,1,9,0,0%,8,.448,1,2,16,7,1,13,4,17,7,6,8,6,3.5,22
387,374,Luke Jackson,27,ATL,65.2,63,64,35,8,2,25,18,7,72%,34,8,23,11,48%,9,1.954,36,8,20,47,6,11,14,50,9,11,10,16,3.1,18
388,375,Josh James,26,HOU,55.1,42,41,17,5,0,2,1,1,50%,7,5,11,3,27%,8,1.032,12,8,20,21,5,15,6,35,15,5,15,3,4.0,25
389,Rk,Name,Age,Tm,IP,G,GR,GF,Wgr,Lgr,SVOpp,SV,BSv,SV%,SVSit,Hold,IR,IS,IS%,1stIP,aLI,LevHi,LevMd,LevLo,Ahd,Tie,Bhd,Runr,Empt,>3o,<3o,IPmult,0DR,Out/GR,Pit/GR
390,376,Kenley Jansen,31,LAD,54.2,54,54,45,4,3,35,28,7,80%,35,0,15,5,33%,9,2.086,35,6,13,40,6,8,9,45,5,3,5,13,3.0,17
391,377,Jeremy Jeffress,31,MIL,52.0,48,48,12,3,4,4,1,3,25%,18,12,16,2,13%,7,1.185,18,14,16,24,7,17,11,37,13,6,15,6,3.3,18
392,378,Dan Jennings*,32,WSN,4.2,8,8,0,1,2,2,0,2,0%,2,0,5,3,60%,7,.974,2,2,4,2,1,5,4,4,0,6,0,3,1.8,17
393,379,Williams Jerez*,27,SFG,6.2,6,6,3,1,0,0,0,0,,1,1,0,0,,9,1.123,2,0,4,2,1,3,0,6,1,1,1,1,3.3,19
394,380,Jake Jewell,26,LAA,19.2,11,11,5,0,0,0,0,0,,1,1,6,2,33%,7,.241,0,2,9,3,0,8,4,7,7,1,8,2,5.4,29
395,381,Eduardo Jimenez,24,DET,10.2,8,8,2,0,0,0,0,0,,0,0,5,0,0%,7,.205,0,1,7,0,0,8,4,4,4,0,4,2,4.0,24
396,382,Joe Jimenez,24,DET,52.2,59,59,23,3,7,11,6,5,55%,27,15,2,0,0%,8,1.495,33,8,17,34,13,12,1,58,0,10,1,11,2.7,16
397,383,Brian Johnson*,28,BOS,33.2,14,7,2,1,1,1,0,1,0%,1,0,4,2,50%,8,.841,1,1,4,1,1,5,3,4,3,2,3,1,4.6,27
398,384,DJ Johnson,29,COL,17.0,20,20,6,0,1,0,0,0,,2,2,12,3,25%,7,.964,5,2,13,3,3,14,5,15,4,10,6,3,2.6,18
399,385,Nate Jones,33,CHW,10.1,13,13,5,0,1,1,1,0,100%,3,2,11,3,27%,7,.719,3,2,8,4,1,8,5,8,1,6,1,1,2.4,16
400,386,Caleb Joseph,33,ARI,1.1,2,2,2,0,0,0,0,0,,0,0,0,0,,9,.000,0,0,0,0,0,2,0,2,0,1,0,0,2.0,5
401,387,Ariel Jurado,23,TEX,116.2,29,12,3,2,1,0,0,0,,1,1,8,3,38%,8,.900,4,4,4,2,4,6,6,6,8,1,8,2,6.3,31
402,388,Tommy Kahnle,29,NYY,55.1,65,65,5,3,1,4,0,4,0%,29,25,29,7,24%,7,1.041,21,20,24,46,5,14,21,44,2,22,3,17,2.6,14
403,389,Nate Karns,31,BAL,5.1,4,2,1,0,0,0,0,0,,0,0,0,0,,9,.937,0,0,2,1,0,1,0,2,0,1,1,0,2.0,13
404,390,Keone Kela,26,PIT,23.2,26,26,6,2,0,4,0,4,0%,8,4,5,1,20%,8,1.330,9,4,12,12,3,11,2,24,0,3,0,2,2.7,16
405,391,Kyle Keller,26,MIA,6.2,6,6,4,0,0,0,0,0,,0,0,2,0,0%,7,.330,1,0,5,0,1,5,2,4,2,2,2,0,3.3,23
406,392,Shawn Kelley,35,TEX,42.0,43,44,20,5,2,15,11,4,73%,21,6,19,2,11%,9,1.720,21,10,12,26,6,12,11,33,6,9,7,10,2.9,16
407,393,Trevor Kelley,25,BOS,3.0,4,4,1,0,0,0,0,0,,0,0,3,2,67%,5,.367,0,1,3,1,0,3,2,2,0,2,0,2,2.3,16
408,394,Joe Kelly,31,LAD,48.1,50,50,13,5,3,5,1,4,20%,13,8,14,5,36%,8,.983,12,15,22,29,6,15,11,39,8,11,8,14,2.9,17
409,395,Ian Kennedy,34,KCR,57.1,57,57,45,2,2,31,27,4,87%,32,1,5,1,20%,9,1.634,25,12,16,42,5,10,3,54,5,5,5,12,3.0,17
410,396,Craig Kimbrel,31,CHC,19.0,21,21,16,0,2,15,13,2,87%,15,0,0,0,,9,1.862,12,7,1,16,3,2,0,21,0,4,0,5,2.7,17
411,397,Nick Kingham,27,TOT,55.2,25,21,5,4,1,1,1,0,100%,1,0,9,1,11%,,.767,5,4,12,3,5,13,4,17,14,2,14,0,5.7,33
412,398,Nick Kingham,27,PIT,34.2,14,10,3,1,0,1,1,0,100%,1,0,7,1,14%,6,.778,2,1,7,2,2,6,3,7,7,1,7,0,5.7,36
413,399,Nick Kingham,27,TOR,21.0,11,11,2,3,1,0,0,0,,0,0,2,0,0%,6,.746,3,3,5,1,3,7,1,10,7,1,7,0,5.7,31
414,400,Tyler Kinley,28,MIA,44.0,43,43,11,3,1,1,0,1,0%,2,1,17,9,53%,8,.760,10,7,23,4,8,31,9,34,10,14,10,9,3.1,18
415,Rk,Name,Age,Tm,IP,G,GR,GF,Wgr,Lgr,SVOpp,SV,BSv,SV%,SVSit,Hold,IR,IS,IS%,1stIP,aLI,LevHi,LevMd,LevLo,Ahd,Tie,Bhd,Runr,Empt,>3o,<3o,IPmult,0DR,Out/GR,Pit/GR
416,401,Ian Kinsler,37,SDP,1.0,1,1,1,0,0,0,0,0,,0,0,0,0,,9,.003,0,0,0,0,0,1,0,1,0,0,0,0,3.0,27
417,402,Brandon Kintzler,34,CHC,54.0,58,58,8,3,3,2,0,2,0%,19,17,32,7,22%,8,1.231,23,13,22,31,12,15,21,37,6,19,9,10,2.8,14
418,403,Andrew Kittredge,29,TBR,41.0,29,23,8,1,0,0,0,0,,2,2,6,1,17%,9,.710,3,4,16,8,2,13,4,19,9,4,9,5,3.8,20
419,404,Branden Kline,27,BAL,34.1,27,27,7,1,4,1,0,1,0%,5,4,13,1,8%,6,.705,7,4,15,8,3,16,7,20,12,5,13,1,3.8,22
420,405,Matt Koch,28,ARI,20.2,9,9,5,0,0,0,0,0,,0,0,10,2,20%,9,.116,0,1,8,3,0,6,5,4,5,2,5,1,6.9,40
421,406,Adam Kolarek*,30,TOT,52.1,71,71,17,6,3,1,1,0,100%,21,17,41,9,22%,,1.067,21,22,27,34,12,25,28,43,8,40,12,25,2.2,11
422,407,Adam Kolarek*,30,TBR,43.1,54,54,15,4,3,1,1,0,100%,18,15,28,7,25%,8,1.130,17,18,18,29,11,14,20,34,7,26,11,19,2.4,12
423,408,Adam Kolarek*,30,LAD,9.0,17,17,2,2,0,0,0,0,,3,2,13,2,15%,8,.728,4,4,9,5,1,11,8,9,1,14,1,6,1.6,8
424,409,Joel Kuhnel,24,CIN,6.1,7,7,1,0,0,0,0,0,,0,0,3,0,0%,8,.491,1,1,4,0,1,6,2,5,2,3,3,0,2.7,19
425,410,Brady Lail,25,NYY,2.2,1,1,0,0,0,0,0,0,,1,1,1,0,0%,5,.363,1,0,0,1,0,0,1,0,1,0,1,0,8.0,46
426,411,Travis Lakins,25,BOS,18.1,12,11,4,0,1,0,0,0,,1,1,2,0,0%,8,.943,1,6,3,5,3,3,1,10,5,1,5,1,4.5,26
427,412,Eric Lauer*,24,SDP,136.2,27,1,0,0,0,0,0,0,,0,0,2,0,0%,2,1.008,1,0,0,0,0,1,1,0,1,0,1,0,4.0,14
428,413,Derek Law,28,TOR,53.1,49,45,17,0,2,5,4,1,80%,10,4,23,10,43%,8,1.010,12,8,22,13,7,25,14,31,14,9,18,10,3.3,21
429,414,Wade LeBlanc*,34,SEA,119.1,25,17,4,4,3,0,0,0,,0,0,7,4,57%,2,.747,1,12,3,3,5,9,3,14,17,0,17,0,14.6,75
430,415,Jose Leclerc,25,TEX,60.2,62,59,33,2,4,15,11,4,73%,22,7,14,4,29%,9,1.569,22,13,19,32,7,20,8,51,6,12,6,13,2.9,19
431,416,Dominic Leone,27,STL,35.2,35,35,10,1,0,2,1,1,50%,2,0,7,2,29%,8,.407,2,7,24,14,2,19,5,30,7,12,9,5,3.1,17
432,417,Francisco Liriano*,35,PIT,64.0,63,63,7,4,3,3,0,3,0%,15,11,31,10,32%,7,1.028,23,17,20,25,13,25,15,48,13,17,16,14,3.0,17
433,418,Zack Littell,23,MIN,28.0,22,22,6,4,0,1,0,1,0%,2,1,8,4,50%,8,.859,7,6,9,4,4,14,5,17,5,3,5,5,3.8,19
434,419,Ben Lively,27,KCR,1.0,1,1,1,0,0,0,0,0,,0,0,0,0,,9,.418,0,0,1,0,0,1,0,1,0,0,0,0,3.0,27
435,420,Jonathan Loaisiga,24,NYY,23.1,9,6,3,1,0,0,0,0,,0,0,1,0,0%,6,.913,0,1,5,2,1,3,1,5,4,0,4,0,6.2,36
436,421,Walker Lockett,25,NYM,19.1,5,1,0,0,0,0,0,0,,0,0,0,0,,6,1.012,0,0,1,0,0,1,0,1,1,0,1,0,6.0,23
437,422,Jorge Lopez,26,KCR,104.0,35,21,8,1,1,2,1,1,50%,4,0,15,7,47%,7,.784,3,7,11,6,0,15,10,11,14,4,14,2,5.3,29
438,423,Yoan Lopez,26,ARI,55.1,64,64,12,2,6,4,1,3,25%,25,21,25,6,24%,8,1.201,27,20,16,37,14,13,17,47,8,24,11,15,2.6,12
439,424,Michael Lorenzen,27,CIN,74.2,67,67,15,1,4,10,6,4,60%,28,18,41,13,32%,7,1.236,27,21,18,37,9,21,25,42,27,21,30,14,3.3,18
440,425,Aaron Loup*,31,SDP,3.1,4,4,1,0,0,0,0,0,,1,1,3,1,33%,7,1.096,1,2,1,1,0,3,2,2,0,1,0,0,2.5,13
441,Rk,Name,Age,Tm,IP,G,GR,GF,Wgr,Lgr,SVOpp,SV,BSv,SV%,SVSit,Hold,IR,IS,IS%,1stIP,aLI,LevHi,LevMd,LevLo,Ahd,Tie,Bhd,Runr,Empt,>3o,<3o,IPmult,0DR,Out/GR,Pit/GR
442,426,Richard Lovelady*,23,KCR,20.0,25,25,5,0,3,1,0,1,0%,3,2,12,5,42%,7,.856,6,3,15,8,2,15,7,18,5,12,5,5,2.4,15
443,427,Josh Lucas,28,BAL,15.2,9,9,4,0,0,1,1,0,100%,1,0,3,1,33%,8,.233,0,2,7,2,0,7,2,7,6,3,6,0,5.2,30
444,428,Elvis Luciano,19,TOR,27.2,20,20,8,1,0,0,0,0,,0,0,14,2,14%,7,.220,0,2,18,2,0,18,7,13,12,3,12,2,4.2,28
445,429,Seth Lugo,29,NYM,71.0,54,54,10,5,3,10,5,5,50%,30,20,16,2,13%,8,1.542,33,11,10,36,11,7,9,45,22,6,23,5,3.9,21
446,430,Tyler Lyons*,31,TOT,7.0,6,6,4,1,1,0,0,0,,1,1,3,2,67%,,1.381,3,0,3,2,2,2,2,4,2,1,2,1,3.5,18
447,431,Tyler Lyons*,31,PIT,4.0,3,3,2,1,1,0,0,0,,1,1,3,2,67%,12,2.085,3,0,0,1,2,0,2,1,2,1,2,1,4.0,23
448,432,Tyler Lyons*,31,NYY,3.0,3,3,2,0,0,0,0,0,,0,0,0,0,,9,.100,0,0,3,1,0,2,0,3,0,0,0,0,3.0,13
449,433,Kenta Maeda,31,LAD,146.0,29,3,1,1,0,1,1,0,100%,2,1,0,0,,8,.889,1,1,1,2,1,0,0,3,2,0,2,0,9.0,40
450,434,Matt Magill,29,TOT,45.0,44,44,16,4,2,6,4,2,67%,7,1,10,2,20%,,.954,12,11,21,22,7,15,7,37,9,12,10,6,3.1,18
451,435,Matt Magill,29,MIN,28.1,28,28,8,2,0,0,0,0,,0,0,10,2,20%,7,.721,4,6,18,13,3,12,7,21,6,10,7,5,3.0,19
452,436,Matt Magill,29,SEA,16.2,16,16,8,2,2,6,4,2,67%,7,1,0,0,,8,1.383,8,5,3,9,4,3,0,16,3,2,3,1,3.1,17
453,437,Luke Maile,28,TOR,2.0,2,2,2,0,0,0,0,0,,0,0,0,0,,9,.000,0,0,0,0,0,2,0,2,0,0,0,0,3.0,17
454,438,Joe Mantiply*,28,NYY,3.0,1,1,0,1,0,0,0,0,,0,0,0,0,,2,.745,0,0,1,1,0,0,0,1,1,0,1,0,9.0,52
455,439,Dillon Maples,27,CHC,9.1,11,11,3,1,0,0,0,0,,0,0,5,0,0%,9,.717,3,0,7,3,3,5,4,7,2,5,2,1,2.5,18
456,440,Nick Margevicius*,23,SDP,56.0,15,3,1,0,0,0,0,0,,0,0,3,0,0%,10,.882,0,0,3,0,0,3,2,1,1,1,1,0,2.7,13
457,441,Parker Markel,28,TOT,15.1,13,13,5,0,1,0,0,0,,0,0,0,0,,,.196,1,0,8,2,1,10,0,13,3,2,3,0,3.5,26
458,442,Parker Markel,28,SEA,4.2,5,5,0,0,0,0,0,0,,0,0,0,0,,7,.193,0,0,4,0,0,5,0,5,0,1,0,0,2.8,25
459,443,Parker Markel,28,PIT,10.2,8,8,5,0,1,0,0,0,,0,0,0,0,,8,.198,1,0,4,2,1,5,0,8,3,1,3,0,4.0,27
460,444,Evan Marshall,29,CHW,41.0,46,46,2,4,2,4,0,4,0%,18,12,25,11,44%,7,1.205,19,19,5,22,11,13,16,30,10,15,13,6,2.7,15
461,445,Brett Martin*,24,TEX,55.0,45,43,7,2,2,1,0,1,0%,5,4,20,6,30%,7,.801,7,11,22,13,4,26,11,32,16,10,18,5,3.7,19
462,446,Chris Martin,33,TOT,51.1,53,53,18,1,3,6,4,2,67%,22,16,5,1,20%,,1.370,23,10,18,35,10,8,4,49,2,9,3,10,2.9,15
463,447,Chris Martin,33,TEX,38.0,38,38,15,0,2,5,4,1,80%,17,12,4,0,0%,8,1.488,17,7,12,25,7,6,3,35,2,5,3,9,3.0,15
464,448,Chris Martin,33,ATL,13.1,15,15,3,1,1,1,0,1,0%,5,4,1,1,100%,7,1.053,6,3,6,10,3,2,1,14,0,4,0,1,2.7,15
465,449,Russell Martin,36,LAD,4.0,4,4,4,0,0,0,0,0,,0,0,0,0,,9,.003,0,0,1,3,0,1,0,4,0,0,0,0,3.0,11
466,450,Carlos Martinez,27,STL,41.0,39,39,31,4,2,22,19,3,86%,23,1,16,4,25%,9,1.957,21,10,7,31,7,1,12,27,10,10,11,14,3.2,16
467,Rk,Name,Age,Tm,IP,G,GR,GF,Wgr,Lgr,SVOpp,SV,BSv,SV%,SVSit,Hold,IR,IS,IS%,1stIP,aLI,LevHi,LevMd,LevLo,Ahd,Tie,Bhd,Runr,Empt,>3o,<3o,IPmult,0DR,Out/GR,Pit/GR
468,451,Nick Martini*,29,OAK,1.0,1,1,1,0,0,0,0,0,,0,0,0,0,,8,.000,0,0,0,0,0,1,0,1,0,0,0,0,3.0,16
469,452,Jeff Mathis,36,TEX,2.0,2,2,2,0,0,0,0,0,,0,0,0,0,,8,.000,0,0,0,0,0,2,0,2,0,0,0,0,3.0,14
470,453,Phil Maton,26,TOT,33.2,28,28,11,0,0,0,0,0,,3,2,8,4,50%,,.428,3,4,20,10,1,17,7,21,11,8,11,4,3.6,20
471,454,Phil Maton,26,SDP,24.1,21,21,5,0,0,0,0,0,,3,2,5,1,20%,7,.496,3,3,15,8,1,12,5,16,8,7,8,4,3.5,20
472,455,Phil Maton,26,CLE,9.1,7,7,6,0,0,0,0,0,,0,0,3,3,100%,8,.222,0,1,5,2,0,5,2,5,3,1,3,0,4.0,22
473,456,Steven Matz*,28,NYM,139.1,28,2,0,0,0,0,0,0,,1,1,3,1,33%,7,1.086,1,0,1,1,0,1,2,0,0,2,1,0,1.5,8
474,457,Dustin May,21,LAD,25.2,7,3,0,0,1,1,0,1,0%,1,0,0,0,,6,1.143,0,3,0,2,0,1,0,3,1,1,1,0,3.3,28
475,458,Trevor May,29,MIN,55.1,57,57,10,5,3,3,1,2,33%,17,14,20,3,15%,7,1.312,24,16,16,28,11,18,12,45,8,13,11,11,2.9,18
476,459,Mike Mayers,27,STL,16.2,14,14,4,0,1,0,0,0,,1,1,9,2,22%,8,.527,1,3,10,4,1,9,4,10,7,3,7,1,3.6,23
477,460,Tim Mayza*,27,TOR,50.2,66,66,5,1,3,1,0,1,0%,20,17,37,12,32%,6,.952,25,13,26,29,10,27,24,42,7,33,16,19,2.3,14
478,461,Chris Mazza,29,NYM,11.2,6,6,4,0,1,0,0,0,,0,0,0,0,,8,.591,1,0,4,2,1,3,0,6,4,0,5,1,5.8,37
479,462,Kevin McCarthy,27,KCR,49.2,46,46,14,3,2,5,1,4,20%,12,6,38,15,39%,7,.992,17,8,20,17,4,25,21,25,12,11,15,8,3.2,16
480,463,Reggie McClain,26,SEA,16.0,10,8,3,0,1,1,0,1,0%,1,0,3,2,67%,7,.701,2,2,3,1,0,7,2,6,4,1,4,0,4.9,28
481,464,T.J. McFarland*,30,ARI,53.1,46,46,13,0,0,0,0,0,,8,7,29,12,41%,6,.635,7,7,31,19,3,24,19,27,16,16,19,8,3.5,19
482,465,Jake McGee*,32,COL,39.0,42,42,9,0,2,2,0,2,0%,6,4,21,12,57%,7,.673,7,12,18,9,3,30,10,32,7,11,8,8,2.8,15
483,466,Kyle McGowin,27,WSN,16.0,7,6,4,0,0,1,1,0,100%,1,0,0,0,,8,.331,0,0,4,4,0,2,0,6,4,0,4,1,6.0,36
484,467,Collin McHugh,32,HOU,74.2,35,27,8,1,1,0,0,0,,5,5,5,2,40%,9,.711,4,5,15,18,2,7,4,23,9,4,9,6,3.7,22
485,468,David McKay,24,TOT,20.0,18,18,11,0,0,0,0,0,,0,0,6,0,0%,,.378,1,1,14,0,1,17,4,14,6,4,7,3,3.3,21
486,469,David McKay,24,DET,13.0,11,11,6,0,0,0,0,0,,0,0,2,0,0%,8,.567,1,1,9,0,1,10,1,10,5,2,5,1,3.5,20
487,470,David McKay,24,SEA,7.0,7,7,5,0,0,0,0,0,,0,0,4,0,0%,8,.079,0,0,5,0,0,7,3,4,1,2,2,2,3.0,22
488,471,Alex McRae,26,PIT,20.1,7,5,1,0,2,0,0,0,,0,0,2,0,0%,11,.903,2,0,3,1,1,3,1,4,5,0,5,0,8.4,54
489,472,John Means*,26,BAL,131.0,27,4,1,2,0,0,0,0,,0,0,5,3,60%,4,.941,2,2,0,1,1,2,3,1,3,0,4,0,5.8,42
490,473,Adalberto Mejia*,26,TOT,28.0,29,29,3,0,2,1,0,1,0%,5,4,20,9,45%,,.873,10,6,13,11,5,13,13,16,7,15,8,7,2.9,20
491,474,Adalberto Mejia*,26,TOT,25.0,27,27,3,0,2,1,0,1,0%,5,4,18,8,44%,,.969,10,6,11,11,5,11,11,16,5,15,6,7,2.8,19
492,475,Adalberto Mejia*,26,MIN,15.1,13,13,2,0,2,1,0,1,0%,3,2,7,2,29%,7,.938,5,2,6,6,2,5,5,8,4,5,4,2,3.5,24
493,Rk,Name,Age,Tm,IP,G,GR,GF,Wgr,Lgr,SVOpp,SV,BSv,SV%,SVSit,Hold,IR,IS,IS%,1stIP,aLI,LevHi,LevMd,LevLo,Ahd,Tie,Bhd,Runr,Empt,>3o,<3o,IPmult,0DR,Out/GR,Pit/GR
494,476,Adalberto Mejia*,26,LAA,9.2,14,14,1,0,0,0,0,0,,2,2,11,6,55%,7,1.018,5,4,5,5,3,6,6,8,1,10,2,5,2.1,15
495,477,Adalberto Mejia*,26,STL,3.0,2,2,0,0,0,0,0,0,,0,0,2,1,50%,4,.221,0,0,2,0,0,2,2,0,2,0,2,0,4.5,34
496,478,Mark Melancon,34,TOT,61.0,60,60,29,5,2,10,10,0,100%,15,5,17,4,24%,,1.195,24,6,29,27,15,18,11,49,7,8,8,9,3.1,16
497,479,Mark Melancon,34,SFG,46.1,43,43,16,4,2,1,1,0,100%,6,5,15,4,27%,8,1.052,14,5,23,13,12,18,9,34,7,4,8,4,3.2,17
498,480,Mark Melancon,34,ATL,14.2,17,17,13,1,0,9,9,0,100%,9,0,2,0,0%,9,1.630,10,1,6,14,3,0,2,15,0,4,0,5,2.6,14
499,481,Yohander Mendez*,24,TEX,2.1,1,1,0,1,0,0,0,0,,0,0,2,0,0%,3,.808,0,1,0,1,0,0,1,0,1,0,1,0,7.0,38
500,482,Conner Menez*,24,SFG,14.0,5,2,0,0,0,0,0,0,,0,0,0,0,,7,.859,0,0,2,0,0,2,0,2,0,1,0,0,2.0,17
501,483,Daniel Mengden,26,OAK,55.2,11,2,0,0,0,0,0,0,,0,0,0,0,,2,.909,0,1,1,1,0,1,0,2,2,0,2,0,10.0,76
502,484,Keynan Middleton,25,LAA,3.2,5,5,0,0,0,0,0,0,,0,0,5,1,20%,6,1.479,2,0,3,0,2,3,3,2,0,3,0,0,2.2,13
503,485,Andrew Miller*,34,STL,46.0,63,63,10,4,5,8,5,3,63%,36,24,38,9,24%,8,1.551,31,19,12,42,12,9,24,39,5,32,11,20,2.2,13
504,486,Justin Miller,32,WSN,15.2,17,17,5,1,0,1,0,1,0%,5,4,10,6,60%,8,.852,5,5,7,5,2,10,5,12,3,8,3,4,2.8,16
505,487,Shelby Miller,28,TEX,44.0,19,11,4,0,0,1,0,1,0%,2,1,5,1,20%,8,.876,2,0,9,5,0,6,2,9,4,1,4,0,4.0,23
506,488,Alec Mills,27,CHC,21.1,5,3,2,0,0,0,0,0,,0,0,2,2,100%,7,.498,0,0,3,1,0,2,1,2,2,0,2,0,11.0,53
507,489,Hoby Milner*,28,TBR,3.2,4,4,1,0,0,0,0,0,,2,1,1,0,0%,6,.607,0,3,1,2,0,2,1,3,1,2,1,0,2.8,18
508,490,Tommy Milone*,32,SEA,97.2,20,14,0,2,6,0,0,0,,0,0,10,1,10%,2,.891,3,9,2,3,7,4,5,9,14,0,14,0,14.3,75
509,491,Juan Minaya,28,CHW,27.2,22,22,8,0,0,0,0,0,,1,0,14,6,43%,7,.338,2,3,16,5,0,17,9,13,9,5,11,5,3.8,22
510,492,A.J. Minter*,25,ATL,28.2,35,35,12,3,4,7,5,2,71%,13,5,10,5,50%,9,1.477,17,7,11,20,9,6,7,28,2,12,4,7,2.5,17
511,493,Rafael Montero,28,TEX,22.0,15,15,3,2,0,0,0,0,,6,6,5,0,0%,7,1.271,6,6,2,7,3,5,3,12,8,0,8,2,4.4,23
512,494,Mike Montgomery*,29,TOT,77.1,30,20,6,1,2,1,0,1,0%,4,3,16,7,44%,,.882,6,7,6,8,4,8,9,11,9,9,10,2,4.1,25
513,495,Mike Montgomery*,29,CHC,27.0,20,20,6,1,2,1,0,1,0%,4,3,16,7,44%,7,.770,6,7,6,8,4,8,9,11,9,9,10,2,4.1,25
514,496,Dylan Moore,26,SEA,1.0,1,1,1,0,0,0,0,0,,0,0,0,0,,9,.000,0,0,0,0,0,1,0,1,0,0,0,0,3.0,35
515,497,Kendrys Morales,36,OAK,1.0,1,1,1,0,0,0,0,0,,0,0,0,0,,9,.000,0,0,0,0,0,1,0,1,0,0,0,0,3.0,21
516,498,Brian Moran*,30,MIA,3.1,3,3,0,1,0,0,0,0,,0,0,1,0,0%,4,.624,0,0,3,0,0,3,1,2,1,1,1,0,3.3,17
517,499,Adrian Morejon*,20,SDP,8.0,5,3,1,0,0,0,0,0,,0,0,0,0,,8,.541,0,0,3,1,0,2,0,3,1,0,1,0,4.0,29
518,500,Adam Morgan*,29,PHI,29.2,40,40,0,3,3,2,0,2,0%,21,19,19,4,21%,8,1.410,21,12,6,25,11,4,13,27,4,20,5,14,2.2,12
519,Rk,Name,Age,Tm,IP,G,GR,GF,Wgr,Lgr,SVOpp,SV,BSv,SV%,SVSit,Hold,IR,IS,IS%,1stIP,aLI,LevHi,LevMd,LevLo,Ahd,Tie,Bhd,Runr,Empt,>3o,<3o,IPmult,0DR,Out/GR,Pit/GR
520,501,Mike Morin,28,TOT,43.2,44,44,12,1,2,1,1,0,100%,9,8,14,2,14%,,.942,13,9,20,18,8,18,10,34,8,15,9,5,3.0,14
521,502,Mike Morin,28,MIN,22.2,23,23,10,0,0,1,1,0,100%,2,1,11,2,18%,8,.688,4,4,13,9,3,11,7,16,4,7,4,3,3.0,13
522,503,Mike Morin,28,PHI,21.0,21,21,2,1,2,0,0,0,,7,7,3,0,0%,7,1.204,9,5,7,9,5,7,3,18,4,8,5,2,3.0,16
523,504,Reyes Moronta,26,SFG,56.2,56,56,5,3,7,5,0,5,0%,20,15,23,8,35%,6,1.458,28,16,11,27,18,11,15,41,9,12,9,10,3.0,19
524,505,Andres Munoz,20,SDP,21.1,20,20,3,1,1,1,1,0,100%,9,8,3,0,0%,8,1.221,6,8,6,11,4,5,2,18,3,2,3,4,3.2,18
525,506,John Ryan Murphy,28,ARI,3.0,2,2,2,0,0,0,0,0,,0,0,0,0,,8,.005,0,0,1,0,0,2,0,2,1,0,1,0,4.5,35
526,507,Tom Murphy,28,SEA,3.0,3,3,3,0,0,0,0,0,,0,0,0,0,,9,.000,0,0,0,0,0,3,0,3,0,0,0,0,3.0,14
527,508,Harrison Musgrave*,27,COL,10.0,10,10,4,0,0,0,0,0,,0,0,2,0,0%,9,.909,3,1,6,2,3,5,1,9,1,3,2,2,3.0,21
528,509,Joe Musgrove,26,PIT,154.1,29,1,0,0,0,0,0,0,,1,1,0,0,,7,.898,0,1,0,1,0,0,0,1,1,0,1,0,6.0,30
529,510,Jimmy Nelson,30,MIL,16.1,6,3,0,0,0,0,0,0,,0,0,0,0,,7,.813,0,0,3,1,0,2,0,3,2,1,2,0,4.3,30
530,511,Hector Neris,30,PHI,61.0,61,61,43,3,5,30,24,6,80%,32,2,18,4,22%,9,1.788,37,10,13,40,13,8,10,51,8,10,8,14,3.0,17
531,512,Pat Neshek,38,PHI,18.0,20,20,6,0,1,3,3,0,100%,9,6,0,0,,8,1.235,8,6,6,15,3,2,0,20,0,5,0,5,2.7,14
532,513,Dovydas Neverauskas,26,PIT,9.1,10,10,3,0,0,0,0,0,,1,1,4,3,75%,7,.460,0,5,4,2,1,7,2,8,1,3,1,1,2.8,21
533,514,Jake Newberry,24,KCR,28.0,24,24,5,1,0,1,0,1,0%,5,4,17,7,41%,7,.620,7,4,10,8,4,12,8,16,7,7,7,4,3.5,19
534,515,Sean Newcomb*,26,ATL,63.0,49,45,3,6,3,3,1,2,33%,20,16,18,7,39%,7,1.253,23,9,12,29,6,10,12,33,12,16,14,9,3.2,18
535,516,Juan Nicasio,32,PHI,45.2,45,45,9,2,3,2,1,1,50%,12,10,9,3,33%,7,.981,12,14,18,21,9,15,4,41,9,16,10,11,3.0,18
536,517,Hector Noesi,32,MIA,23.0,8,4,1,0,0,0,0,0,,0,0,0,0,,8,.778,0,0,4,0,0,4,0,4,1,1,1,0,3.5,21
537,518,Stephen Nogosek,24,NYM,6.2,7,7,6,0,1,0,0,0,,0,0,0,0,,9,.295,1,0,5,1,1,5,0,7,1,2,1,1,2.9,20
538,519,Daniel Norris*,26,DET,135.1,29,3,0,0,0,0,0,0,,0,0,0,0,,4,.931,0,1,2,1,0,2,0,3,3,0,3,0,8.3,48
539,520,James Norwood,25,CHC,2.0,2,2,1,0,0,0,0,0,,0,0,1,0,0%,9,.717,0,1,1,1,0,1,1,1,0,0,0,0,3.0,16
540,521,Eduardo Nunez,32,BOS,1.0,1,1,1,0,0,0,0,0,,0,0,0,0,,8,.000,0,0,0,0,0,1,0,1,0,0,0,0,3.0,14
541,522,Darren O'Day,36,ATL,0.0,1,1,0,0,0,0,0,0,,0,0,0,0,,7,.660,0,0,1,1,0,0,0,1,0,1,0,0,0.0,7
542,523,Ryan O'Rourke*,31,NYM,1.1,2,2,0,0,0,0,0,0,,0,0,1,0,0%,13,2.819,2,0,0,0,2,0,1,1,0,2,0,0,2.0,11
543,524,Scott Oberg,29,COL,56.0,49,49,18,6,1,8,5,3,63%,16,8,9,2,22%,8,1.646,24,9,16,28,13,8,7,42,12,4,12,11,3.4,18
544,525,Seunghwan Oh,36,COL,18.1,21,21,5,3,1,1,0,1,0%,4,3,2,1,50%,7,.827,7,5,9,7,5,9,1,20,0,5,0,3,2.6,18
545,Rk,Name,Age,Tm,IP,G,GR,GF,Wgr,Lgr,SVOpp,SV,BSv,SV%,SVSit,Hold,IR,IS,IS%,1stIP,aLI,LevHi,LevMd,LevLo,Ahd,Tie,Bhd,Runr,Empt,>3o,<3o,IPmult,0DR,Out/GR,Pit/GR
546,526,Tyler Olson*,29,CLE,30.2,39,39,8,1,1,1,0,1,0%,4,1,26,8,31%,8,.646,9,7,22,12,6,21,19,20,10,22,14,9,2.4,14
547,527,Josh Osich*,30,CHW,59.1,49,49,14,2,0,1,0,1,0%,1,0,40,9,23%,7,.470,7,8,30,7,6,36,23,26,20,12,24,12,3.6,19
548,528,Jose Osuna,26,PIT,2.1,2,2,1,0,0,0,0,0,,0,0,2,1,50%,9,.008,0,0,1,0,0,2,1,1,1,1,1,0,3.5,16
549,529,Roberto Osuna,24,HOU,57.0,58,58,48,4,3,38,32,6,84%,38,0,10,2,20%,9,2.029,35,11,12,45,10,3,6,52,3,6,3,18,2.9,15
550,530,Corey Oswalt,25,NYM,6.2,2,2,0,0,1,0,0,0,,0,0,3,2,67%,5,.540,1,0,1,0,0,2,1,1,2,0,2,0,10.0,70
551,531,Dan Otero,34,CLE,26.2,22,22,3,0,0,0,0,0,,1,1,6,3,50%,7,.354,2,4,16,5,2,15,6,16,10,5,11,1,3.6,17
552,532,Adam Ottavino,33,NYY,61.1,67,67,7,6,4,7,2,5,29%,34,27,37,12,32%,7,1.413,30,21,16,44,11,12,23,44,10,23,15,14,2.7,16
553,533,Chris Owings,27,KCR,1.2,1,1,1,0,0,0,0,0,,0,0,1,0,0%,8,.000,0,0,0,0,0,1,1,0,1,0,1,0,5.0,44
554,534,Emilio Pagan,28,TBR,61.2,58,58,27,3,2,27,19,8,70%,34,7,30,9,30%,9,1.624,31,14,13,40,11,7,17,41,15,13,16,22,3.2,16
555,535,Joe Palumbo*,24,TEX,10.2,4,1,0,0,0,0,0,0,,0,0,0,0,,5,.871,0,1,0,0,1,0,0,1,1,0,1,0,9.0,45
556,536,Thomas Pannone*,25,TOR,66.2,31,25,8,3,1,0,0,0,,1,1,15,5,33%,9,.834,5,8,9,5,3,17,10,15,11,6,12,4,5.2,29
557,537,Blake Parker,34,TOT,53.0,53,53,21,2,2,11,10,1,91%,22,11,14,2,14%,,1.485,22,13,18,33,8,12,11,42,10,11,12,12,3.0,17
558,538,Blake Parker,34,MIN,36.1,37,37,19,1,2,11,10,1,91%,20,9,9,1,11%,9,1.705,18,9,10,28,4,5,7,30,7,8,8,8,2.9,17
559,539,Blake Parker,34,PHI,16.2,16,16,2,1,0,0,0,0,,2,2,5,1,20%,7,.963,4,4,8,5,4,7,4,12,3,3,4,4,3.1,16
560,540,Gerardo Parra*,32,WSN,0.0,1,1,0,0,0,0,0,0,,0,0,0,0,,8,.005,0,0,0,0,0,1,0,1,0,1,0,0,0.0,25
561,541,Wes Parsons,26,TOT,27.0,23,23,4,1,2,0,0,0,,1,1,19,8,42%,,.718,7,4,12,3,4,16,10,13,8,8,8,2,3.5,21
562,542,Wes Parsons,26,ATL,15.1,17,17,3,1,2,0,0,0,,1,1,18,7,39%,6,.933,7,3,7,3,3,11,9,8,3,8,3,2,2.7,16
563,543,Wes Parsons,26,COL,11.2,6,6,1,0,0,0,0,0,,0,0,1,1,100%,8,.463,0,1,5,0,1,5,1,5,5,0,5,0,5.8,34
564,544,Joel Payamps,25,ARI,4.0,2,2,1,0,0,0,0,0,,0,0,0,0,,8,.131,0,0,2,0,0,2,0,2,1,0,1,0,6.0,33
565,545,Pedro Payano,24,TEX,22.0,6,2,0,1,0,0,0,0,,0,0,0,0,,6,.956,0,1,1,1,0,1,0,2,1,0,1,0,9.0,45
566,546,James Pazos*,28,COL,1.1,3,3,0,0,0,0,0,0,,1,1,2,0,0%,7,.558,0,1,2,1,0,2,2,1,0,3,0,1,1.3,10
567,547,Brad Peacock,31,HOU,88.2,20,5,1,2,0,0,0,0,,0,0,4,1,25%,6,.939,1,1,3,3,0,2,2,3,3,1,3,0,4.8,28
568,548,Felix Pena,29,LAA,96.1,22,15,1,8,1,0,0,0,,1,1,0,0,,2,.754,1,10,4,10,3,2,0,15,14,0,14,0,13.5,72
569,549,Freddy Peralta,23,MIL,78.2,34,26,3,3,1,2,1,1,50%,6,4,10,2,20%,6,.980,5,12,9,8,6,12,6,20,15,6,15,1,5.0,31
570,550,Wandy Peralta*,27,TOT,34.1,40,40,11,1,1,1,0,1,0%,3,2,21,8,38%,,.681,7,7,26,11,4,25,13,27,6,17,11,7,2.6,15
571,Rk,Name,Age,Tm,IP,G,GR,GF,Wgr,Lgr,SVOpp,SV,BSv,SV%,SVSit,Hold,IR,IS,IS%,1stIP,aLI,LevHi,LevMd,LevLo,Ahd,Tie,Bhd,Runr,Empt,>3o,<3o,IPmult,0DR,Out/GR,Pit/GR
572,551,Wandy Peralta*,27,CIN,34.0,39,39,11,1,1,1,0,1,0%,3,2,21,8,38%,8,.689,7,7,25,11,4,24,13,26,6,16,11,7,2.6,15
573,552,Wandy Peralta*,27,SFG,0.1,1,1,0,0,0,0,0,0,,0,0,0,0,,7,.040,0,0,1,0,0,1,0,1,0,1,0,0,1.0,9
574,553,Wily Peralta,30,KCR,40.1,42,42,23,2,4,5,2,3,40%,10,5,15,4,27%,9,1.045,12,6,21,15,6,21,9,33,3,7,4,9,2.9,16
575,554,Jose Peraza,25,CIN,1.1,2,2,2,0,0,0,0,0,,0,0,0,0,,9,.000,0,0,0,0,0,2,0,2,0,1,0,0,2.0,8
576,555,Luis Perdomo,26,SDP,63.0,39,38,11,2,3,2,0,2,0%,9,7,28,9,32%,7,.762,9,11,17,17,4,17,15,23,19,3,20,7,4.7,23
577,556,Cionel Perez*,23,HOU,9.0,5,5,3,1,1,0,0,0,,0,0,0,0,,9,.865,2,0,2,1,2,2,0,5,3,1,3,0,5.4,33
578,557,Hernan Perez,28,MIL,3.0,3,3,3,0,0,0,0,0,,0,0,0,0,,8,.001,0,0,0,0,0,3,0,3,0,0,0,0,3.0,14
579,558,Martin Perez*,28,MIN,147.2,28,3,0,1,0,0,0,0,,0,0,0,0,,6,.846,0,1,2,1,0,2,0,3,3,0,3,0,8.3,66
580,559,Oliver Perez*,37,CLE,37.2,59,59,3,2,2,3,0,3,0%,24,20,48,14,29%,8,1.153,20,21,18,37,9,13,33,26,6,40,12,16,1.9,10
581,560,Dillon Peters*,26,LAA,56.2,13,5,1,1,0,0,0,0,,0,0,4,2,50%,7,.712,0,1,4,1,0,4,3,2,3,1,3,1,9.8,52
582,561,Tim Peterson,28,NYM,7.1,6,6,2,0,0,0,0,0,,0,0,8,2,25%,5,.429,1,0,5,0,0,6,4,2,3,2,3,1,3.7,24
583,562,Yusmeiro Petit,34,OAK,74.1,72,72,6,5,3,2,0,2,0%,29,26,57,14,25%,6,1.186,32,18,21,43,10,19,35,37,22,22,28,16,3.1,14
584,563,Jake Petricka,31,MIL,8.0,6,6,6,0,0,0,0,0,,0,0,0,0,,8,.218,0,0,6,1,0,5,0,6,2,0,2,1,4.0,20
585,564,David Phelps,32,TOT,28.0,32,31,2,2,0,5,1,4,20%,10,5,14,3,21%,,1.016,12,6,13,17,3,11,10,21,3,9,5,4,2.6,16
586,565,David Phelps,32,TOR,17.1,17,16,1,0,0,2,0,2,0%,6,4,5,0,0%,7,.956,7,2,7,9,1,6,4,12,2,2,3,3,3.1,18
587,566,David Phelps,32,CHC,10.2,15,15,1,2,0,3,1,2,33%,4,1,9,3,33%,7,1.107,5,4,6,8,2,5,6,9,1,7,2,1,2.1,13
588,567,Evan Phillips,24,BAL,20.1,19,19,1,0,1,0,0,0,,3,3,12,8,67%,6,.729,4,6,9,5,0,14,8,11,4,5,8,2,3.2,23
589,568,Ricardo Pinto,25,TBR,2.1,2,2,1,0,0,0,0,0,,0,0,0,0,,9,.204,0,0,2,2,0,0,0,2,1,0,1,1,3.5,23
590,569,Nick Pivetta,26,PHI,91.1,28,15,6,0,2,1,1,0,100%,2,1,3,1,33%,8,.955,3,4,8,6,4,5,3,12,7,3,7,2,4.5,28
591,570,Kevin Plawecki,28,CLE,2.0,2,2,2,0,0,0,0,0,,0,0,0,0,,9,.000,0,0,0,0,0,2,0,2,0,0,0,0,3.0,10
592,571,Adam Plutko,27,CLE,93.1,17,1,0,0,0,0,0,0,,0,0,0,0,,4,.771,0,0,1,0,0,1,0,1,1,0,1,0,14.0,93
593,572,Colin Poche*,25,TBR,43.1,41,41,7,4,4,6,1,5,17%,22,14,28,8,29%,7,1.380,24,11,6,25,9,7,16,25,16,11,16,13,3.2,18
594,573,Drew Pomeranz*,30,TOT,94.1,37,19,2,0,1,0,0,0,,7,7,14,4,29%,,.995,5,8,6,9,2,8,6,13,6,8,6,3,3.0,17
595,574,Drew Pomeranz*,30,SFG,77.2,21,4,0,0,0,0,0,0,,0,0,3,0,0%,7,.959,0,2,2,0,0,4,1,3,2,0,2,0,4.0,20
596,575,Drew Pomeranz*,30,MIL,16.2,16,15,2,0,1,0,0,0,,7,7,11,4,36%,7,1.187,5,6,4,9,2,4,5,10,4,8,4,3,2.7,16
597,Rk,Name,Age,Tm,IP,G,GR,GF,Wgr,Lgr,SVOpp,SV,BSv,SV%,SVSit,Hold,IR,IS,IS%,1stIP,aLI,LevHi,LevMd,LevLo,Ahd,Tie,Bhd,Runr,Empt,>3o,<3o,IPmult,0DR,Out/GR,Pit/GR
598,576,Daniel Ponce de Leon,27,STL,45.2,12,4,1,1,0,0,0,0,,0,0,1,0,0%,9,.906,0,1,3,1,0,3,1,3,3,0,3,0,8.3,43
599,577,Sean Poppen,25,MIN,8.1,4,4,3,0,0,0,0,0,,0,0,0,0,,8,.313,0,0,3,3,0,1,0,4,3,0,3,0,6.3,34
600,578,Brooks Pounders,28,NYM,7.1,7,7,3,1,0,0,0,0,,0,0,4,1,25%,8,.769,0,4,2,0,0,7,4,3,3,2,3,2,3.1,19
601,579,Bobby Poyner*,26,BOS,6.0,5,5,2,0,0,0,0,0,,1,0,1,1,100%,9,.601,1,2,2,2,1,2,1,4,1,1,1,1,3.6,25
602,580,Ryan Pressly,30,HOU,50.1,51,51,8,2,3,8,3,5,38%,35,27,17,4,24%,8,1.482,28,14,7,42,6,3,8,43,5,5,6,14,3.0,15
603,581,Austin Pruitt,29,TBR,42.2,12,10,4,2,0,0,0,0,,1,0,5,2,40%,7,.818,2,3,5,3,2,5,2,8,9,0,9,0,9.7,48
604,582,A.J. Puk*,24,OAK,5.1,5,5,0,1,0,1,0,1,0%,2,1,2,1,50%,8,.645,1,1,3,4,0,1,1,4,2,2,2,0,3.2,18
605,583,Cal Quantrill,24,SDP,95.0,21,5,0,2,0,0,0,0,,1,1,1,0,0%,10,.922,2,2,1,2,1,2,1,4,3,1,3,0,6.8,37
606,584,Jose Quijada*,23,MIA,26.0,29,29,9,2,3,2,1,1,50%,5,3,9,0,0%,9,.953,9,6,13,7,6,16,5,24,3,13,3,5,2.7,20
607,585,Roman Quinn,26,PHI,3.1,2,2,2,0,1,0,0,0,,0,0,3,0,0%,14,1.639,1,0,0,0,1,1,1,1,2,0,2,0,5.0,32
608,586,Jose Quintana*,30,CHC,157.1,28,1,0,0,0,0,0,0,,1,1,0,0,,4,.952,0,1,0,1,0,0,0,1,1,0,1,0,12.0,81
609,587,Tanner Rainey,26,WSN,38.2,42,42,4,1,3,3,0,3,0%,13,8,8,3,38%,7,.995,14,7,19,28,5,9,5,37,2,10,3,12,2.8,18
610,588,Erasmo Ramirez,29,BOS,3.0,1,1,1,0,0,0,0,0,,0,0,0,0,,6,.075,0,0,1,0,0,1,0,1,1,0,1,0,9.0,41
611,589,JC Ramirez,30,LAA,8.0,5,5,3,0,0,0,0,0,,0,0,1,1,100%,9,.199,0,1,3,1,0,4,1,4,2,0,2,0,4.8,21
612,590,Neil Ramirez,30,TOT,25.0,22,21,3,0,1,0,0,0,,2,2,16,6,38%,,.511,4,4,11,3,3,15,8,13,8,3,9,1,3.4,22
613,591,Neil Ramirez,30,CLE,16.2,16,16,3,0,1,0,0,0,,2,2,9,2,22%,8,.526,2,4,8,3,3,10,5,11,4,3,5,1,3.1,20
614,592,Neil Ramirez,30,TOR,8.1,6,5,0,0,0,0,0,0,,0,0,7,4,57%,7,.482,2,0,3,0,0,5,3,2,4,0,4,0,4.4,28
615,593,Nick Ramirez*,29,DET,71.1,40,40,7,5,4,1,0,1,0%,1,0,22,10,45%,6,.893,9,15,14,7,9,24,11,29,24,5,24,3,5.4,30
616,594,Noe Ramirez,29,LAA,58.2,44,38,10,4,2,0,0,0,,2,2,14,3,21%,6,.607,4,9,23,10,6,22,11,27,19,5,20,2,4.1,23
617,595,Yefry Ramirez,25,TOT,19.0,7,7,4,0,1,0,0,0,,0,0,5,1,20%,,.339,1,0,5,1,1,5,3,4,4,1,4,0,6.7,47
618,596,Yefry Ramirez,25,BAL,10.1,4,4,2,0,1,0,0,0,,0,0,2,0,0%,12,.548,1,0,3,1,1,2,1,3,2,1,2,0,5.3,42
619,597,Yefry Ramirez,25,PIT,8.2,3,3,2,0,0,0,0,0,,0,0,3,1,33%,9,.096,0,0,2,0,0,3,2,1,2,0,2,0,8.7,53
620,598,Edubray Ramos,26,PHI,14.0,18,18,5,1,0,2,0,2,0%,4,2,8,5,63%,8,.634,4,3,11,6,0,12,5,13,1,10,2,6,2.3,14
621,599,Matt Ramsey,29,LAA,1.0,1,1,1,0,0,0,0,0,,0,0,0,0,,9,.037,0,0,1,1,0,0,0,1,0,0,0,0,3.0,11
622,600,AJ Reed*,26,CHW,1.0,1,1,1,0,0,0,0,0,,0,0,0,0,,9,.000,0,0,0,0,0,1,0,1,0,0,0,0,3.0,12
623,Rk,Name,Age,Tm,IP,G,GR,GF,Wgr,Lgr,SVOpp,SV,BSv,SV%,SVSit,Hold,IR,IS,IS%,1stIP,aLI,LevHi,LevMd,LevLo,Ahd,Tie,Bhd,Runr,Empt,>3o,<3o,IPmult,0DR,Out/GR,Pit/GR
624,601,Cody Reed*,26,CIN,6.1,3,3,1,0,0,0,0,0,,0,0,1,0,0%,7,.218,0,0,3,2,0,1,1,2,3,0,3,0,6.3,29
625,602,Sean Reid-Foley,23,TOR,31.2,9,3,0,0,1,0,0,0,,0,0,2,0,0%,6,.858,0,1,2,1,0,2,1,2,3,0,3,0,7.0,46
626,603,Zac Reininger,26,DET,23.0,21,21,7,0,2,0,0,0,,1,1,13,2,15%,6,.446,3,1,17,3,2,16,8,13,7,8,8,2,3.3,20
627,604,Alex Reyes,24,STL,3.0,4,4,0,0,1,0,0,0,,2,2,0,0,,7,1.800,2,2,0,3,1,0,0,4,0,2,0,0,2.3,18
628,605,Gerardo Reyes,26,SDP,17.0,19,19,5,4,0,1,0,1,0%,3,1,9,5,56%,7,.587,4,3,11,5,2,12,5,14,4,10,5,5,2.7,17
629,606,Mark Reynolds,35,COL,1.0,1,1,1,0,0,0,0,0,,0,0,0,0,,9,.000,0,0,0,0,0,1,0,1,0,0,0,0,3.0,21
630,607,Jacob Rhame,26,NYM,6.1,5,5,3,0,1,0,0,0,,0,0,4,1,25%,9,.954,2,0,3,1,1,3,2,3,3,0,3,1,3.8,24
631,608,Trevor Richards,26,TOT,131.1,28,5,1,1,0,0,0,0,,1,1,2,1,50%,,.916,1,3,1,3,0,2,1,4,2,0,2,0,4.8,27
632,609,Trevor Richards,26,MIA,112.0,23,3,1,0,0,0,0,0,,1,1,0,0,,9,.918,0,2,1,1,0,2,0,3,0,0,0,0,3.0,15
633,610,Trevor Richards,26,TBR,19.1,5,2,0,1,0,0,0,0,,0,0,2,1,50%,3,.903,1,1,0,2,0,0,1,1,2,0,2,0,7.5,46
634,611,Yacksel Rios,26,TOT,7.0,8,8,3,0,0,0,0,0,,0,0,7,3,43%,,.351,0,2,6,0,0,8,4,4,1,2,1,3,2.6,13
635,612,Yacksel Rios,26,PHI,2.2,4,4,3,0,0,0,0,0,,0,0,2,2,100%,8,.171,0,0,4,0,0,4,1,3,0,2,0,1,2.0,17
636,613,Yacksel Rios,26,PIT,4.1,4,4,0,0,0,0,0,0,,0,0,5,1,20%,7,.635,0,2,2,0,0,4,3,1,1,0,1,2,3.3,10
637,614,Daniel Robertson,25,TBR,1.0,1,1,1,0,0,0,0,0,,0,0,0,0,,8,.000,0,0,0,0,0,1,0,1,0,0,0,0,3.0,7
638,615,David Robertson,34,PHI,6.2,7,7,3,0,1,0,0,0,,2,2,0,0,,9,1.405,4,0,3,5,2,0,0,7,1,2,1,1,2.9,19
639,616,Hansel Robles,28,LAA,65.1,64,63,44,5,0,23,20,3,87%,25,2,14,5,36%,9,1.484,27,12,24,39,9,15,9,54,8,8,8,18,3.1,17
640,617,Brady Rodgers,28,HOU,5.0,3,3,2,0,0,0,0,0,,0,0,1,1,100%,9,.064,0,0,3,1,0,2,1,2,2,0,2,1,5.0,38
641,618,Fernando Rodney,42,TOT,39.0,45,45,16,0,5,6,2,4,33%,17,11,7,4,57%,,1.142,15,5,23,26,3,16,4,41,0,11,1,12,2.6,16
642,619,Fernando Rodney,42,OAK,14.1,17,17,8,0,2,1,0,1,0%,1,0,4,3,75%,8,.838,3,0,12,5,2,10,2,15,0,5,0,2,2.5,17
643,620,Fernando Rodney,42,WSN,24.2,28,28,8,0,3,5,2,3,40%,16,11,3,1,33%,8,1.352,12,5,11,21,1,6,2,26,0,6,1,10,2.6,16
644,621,Dereck Rodriguez,27,SFG,92.0,24,9,3,0,0,0,0,0,,0,0,0,0,,8,.756,0,1,8,2,0,7,0,9,5,3,5,1,5.1,31
645,622,Jose Rodriguez,23,LAA,8.2,4,4,2,0,0,0,0,0,,0,0,1,0,0%,9,.203,0,1,3,1,0,3,1,3,3,0,3,0,6.5,31
646,623,Richard Rodriguez,29,PIT,58.0,64,64,11,4,5,5,1,4,20%,18,13,26,9,35%,7,1.084,25,19,17,26,13,25,18,46,5,16,6,12,2.7,16
647,624,Sean Rodriguez,34,PHI,1.1,2,2,2,0,0,0,0,0,,0,0,1,0,0%,8,.000,0,0,0,0,0,2,1,1,0,1,0,0,2.0,6
648,625,Chaz Roe,32,TBR,47.2,63,63,11,1,3,6,1,5,17%,31,24,34,10,29%,7,1.257,27,15,20,38,11,14,23,40,5,36,7,18,2.3,14
649,Rk,Name,Age,Tm,IP,G,GR,GF,Wgr,Lgr,SVOpp,SV,BSv,SV%,SVSit,Hold,IR,IS,IS%,1stIP,aLI,LevHi,LevMd,LevLo,Ahd,Tie,Bhd,Runr,Empt,>3o,<3o,IPmult,0DR,Out/GR,Pit/GR
650,626,Josh Rogers*,24,BAL,14.1,5,5,1,0,1,0,0,0,,0,0,0,0,,3,.297,0,1,3,1,1,3,0,5,4,0,4,0,8.6,53
651,627,Taylor Rogers*,28,MIN,62.1,53,53,31,2,3,31,25,6,81%,41,10,18,6,33%,8,2.126,34,14,5,45,6,2,12,41,16,8,16,16,3.5,18
652,628,Tyler Rogers,28,SFG,8.1,8,8,2,1,0,1,0,1,0%,4,3,4,2,50%,8,1.036,4,1,3,5,1,2,2,6,2,1,3,2,3.1,12
653,629,Jordan Romano,26,TOR,9.0,9,9,2,0,2,0,0,0,,3,3,2,0,0%,7,1.337,3,2,4,4,2,3,1,8,2,2,3,0,3.0,19
654,630,Sal Romano,25,CIN,8.2,5,5,3,0,0,2,2,0,100%,2,0,2,2,100%,7,.068,0,0,5,2,0,3,1,4,2,1,3,0,5.2,32
655,631,Fernando Romero,24,MIN,9.2,9,9,7,0,0,0,0,0,,0,0,0,0,,8,.116,0,0,8,4,0,5,0,9,3,2,3,0,3.2,19
656,632,Austin Romine,30,NYY,1.0,1,1,1,0,0,0,0,0,,0,0,0,0,,8,.000,0,0,0,0,0,1,0,1,0,0,0,0,3.0,21
657,633,Sergio Romo,36,TOT,54.2,57,57,32,2,1,23,20,3,87%,35,12,14,2,14%,,1.602,28,12,16,40,5,12,8,49,5,9,5,19,2.9,16
658,634,Sergio Romo,36,MIA,37.2,38,38,28,2,0,18,17,1,94%,19,1,12,2,17%,9,1.638,19,6,12,22,5,11,6,32,3,4,3,13,3.0,15
659,635,Sergio Romo,36,MIN,17.0,19,19,4,0,1,5,3,2,60%,16,11,2,0,0%,8,1.522,9,6,4,18,0,1,2,17,2,5,2,6,2.7,16
660,636,Hector Rondon,31,HOU,55.0,56,55,5,3,1,3,0,3,0%,19,16,14,2,14%,7,1.115,19,17,19,32,9,14,8,47,5,9,5,9,3.0,16
661,637,Jose Rondon,25,CHW,1.0,1,1,1,0,0,0,0,0,,0,0,0,0,,9,.038,0,0,1,0,0,1,0,1,0,0,0,0,3.0,15
662,638,Adonis Rosa,24,NYY,2.0,1,1,1,0,0,0,0,0,,0,0,0,0,,8,.064,0,0,1,1,0,0,0,1,1,0,1,0,6.0,32
663,639,Randy Rosario*,25,CHC,10.2,13,13,2,1,0,1,0,1,0%,1,0,6,4,67%,8,.302,2,3,8,5,1,7,2,11,3,6,3,1,2.5,13
664,640,Trevor Rosenthal,29,TOT,15.1,22,22,8,0,1,0,0,0,,4,2,4,1,25%,,.785,7,1,12,9,4,9,3,19,0,8,0,3,2.1,18
665,641,Trevor Rosenthal,29,WSN,6.1,12,12,5,0,1,0,0,0,,3,1,4,1,25%,8,.627,4,0,6,7,1,4,3,9,0,6,0,2,1.6,17
666,642,Trevor Rosenthal,29,DET,9.0,10,10,3,0,0,0,0,0,,1,1,0,0,,8,.947,3,1,6,2,3,5,0,10,0,2,0,1,2.7,21
667,643,Joe Ross,26,WSN,54.0,25,18,3,0,2,2,0,2,0%,4,2,6,0,0%,7,.974,7,3,8,6,2,10,3,15,4,7,4,2,3.2,22
668,644,Zac Rosscup*,31,TOT,18.0,28,28,2,2,0,1,0,1,0%,6,5,13,4,31%,,.948,9,5,12,10,6,12,9,19,0,18,3,5,1.9,14
669,645,Zac Rosscup*,31,TOT,15.0,21,21,1,2,0,1,0,1,0%,6,5,10,2,20%,,.989,7,5,8,8,5,8,7,14,0,13,3,4,2.1,16
670,646,Zac Rosscup*,31,SEA,14.0,19,19,1,2,0,1,0,1,0%,6,5,10,2,20%,7,1.094,7,5,6,8,5,6,7,12,0,12,3,4,2.2,15
671,647,Zac Rosscup*,31,TOR,1.0,2,2,0,0,0,0,0,0,,0,0,0,0,,8,.085,0,0,2,0,0,2,0,2,0,1,0,0,1.5,20
672,648,Zac Rosscup*,31,LAD,3.0,7,7,1,0,0,0,0,0,,0,0,3,2,67%,8,.761,2,0,4,2,1,4,2,5,0,5,0,1,1.3,10
673,649,Jose Ruiz,24,CHW,36.1,36,36,14,1,2,0,0,0,,2,1,15,4,27%,6,.550,5,3,27,5,5,26,11,25,11,13,13,4,3.0,18
674,650,Nick Rumbelow,27,SEA,1.1,3,3,1,0,0,1,1,0,100%,1,0,2,1,50%,9,1.526,1,0,2,3,0,0,1,2,0,3,0,1,1.3,13
675,Rk,Name,Age,Tm,IP,G,GR,GF,Wgr,Lgr,SVOpp,SV,BSv,SV%,SVSit,Hold,IR,IS,IS%,1stIP,aLI,LevHi,LevMd,LevLo,Ahd,Tie,Bhd,Runr,Empt,>3o,<3o,IPmult,0DR,Out/GR,Pit/GR
676,651,Chris Rusin*,32,COL,1.0,2,2,0,0,0,0,0,0,,0,0,3,3,100%,8,.374,0,1,0,1,0,1,1,1,0,2,0,0,1.5,13
677,652,Kyle Ryan*,27,CHC,54.0,65,65,12,4,2,2,0,2,0%,18,14,40,15,38%,8,.900,23,16,25,34,9,22,25,40,12,35,18,14,2.5,14
678,653,Casey Sadler,28,TOT,41.2,28,28,16,4,0,2,1,1,50%,3,1,4,4,100%,,.472,3,5,19,16,1,11,2,26,13,3,13,4,4.5,21
679,654,Casey Sadler,28,TBR,19.1,9,9,8,0,0,0,0,0,,0,0,3,3,100%,8,.232,0,2,7,5,0,4,1,8,8,0,8,0,6.4,31
680,655,Casey Sadler,28,LAD,22.1,19,19,8,4,0,2,1,1,50%,3,1,1,1,100%,8,.683,3,3,12,11,1,7,1,18,5,3,5,4,3.5,17
681,656,Connor Sadzeck,27,SEA,23.2,20,20,10,0,1,2,1,1,50%,4,2,6,5,83%,9,.457,3,1,15,7,0,13,4,16,8,4,8,1,3.6,21
682,657,Fernando Salas,34,PHI,2.2,3,3,2,0,0,0,0,0,,0,0,0,0,,9,.311,0,1,2,1,0,2,0,3,0,1,0,0,2.7,20
683,658,Adrian Sampson,27,TEX,118.0,31,16,4,3,1,0,0,0,,0,0,12,7,58%,6,.852,3,5,8,3,4,9,6,10,8,2,9,2,7.4,42
684,659,Pablo Sandoval,32,SFG,1.0,1,1,1,0,0,0,0,0,,0,0,0,0,,8,.003,0,0,0,0,0,1,0,1,0,0,0,0,3.0,10
685,660,Patrick Sandoval*,22,LAA,29.0,7,1,0,0,0,0,0,0,,0,0,0,0,,2,.900,0,0,1,0,0,1,0,1,1,0,1,0,15.0,96
686,661,Dennis Santana,23,LAD,5.0,3,3,1,0,0,0,0,0,,0,0,2,0,0%,7,.675,1,0,2,1,0,2,1,2,2,0,2,0,5.0,35
687,662,Hector Santiago*,31,TOT,24.1,15,13,10,1,0,0,0,0,,0,0,3,3,100%,,.700,1,0,12,1,1,11,2,11,3,4,3,2,3.5,24
688,663,Hector Santiago*,31,NYM,8.0,8,8,6,1,0,0,0,0,,0,0,2,2,100%,9,.977,1,0,7,1,1,6,1,7,1,3,1,1,3.0,22
689,664,Hector Santiago*,31,CHW,16.1,7,5,4,0,0,0,0,0,,0,0,1,1,100%,8,.563,0,0,5,0,0,5,1,4,2,1,2,1,4.2,28
690,665,Josh Sborz,25,LAD,5.0,4,4,3,0,0,0,0,0,,0,0,0,0,,9,.140,0,0,4,2,0,2,0,4,1,0,2,0,3.8,26
691,666,Brian Schlitter,33,OAK,9.2,6,6,3,0,0,0,0,0,,0,0,4,2,50%,12,.169,0,1,4,1,0,5,2,4,3,1,3,0,4.8,25
692,667,John Schreiber,25,DET,4.2,5,5,1,1,0,0,0,0,,0,0,2,0,0%,9,.517,1,0,4,1,1,3,2,3,1,3,2,1,2.8,20
693,668,Jaime Schultz,28,LAD,5.0,4,4,3,0,0,0,0,0,,0,0,0,0,,9,.065,0,0,4,1,0,3,0,4,1,0,1,1,3.8,24
694,669,Robby Scott*,29,ARI,4.2,6,6,0,0,0,0,0,0,,0,0,0,0,,7,.498,1,0,5,2,1,3,0,6,1,5,1,2,2.3,17
695,670,Tanner Scott*,24,BAL,19.1,18,18,3,1,0,1,0,1,0%,1,0,8,2,25%,7,.679,2,5,9,3,1,14,5,13,5,9,6,2,3.2,19
696,671,Tayler Scott,27,TOT,14.1,11,9,4,0,0,0,0,0,,0,0,7,3,43%,,.307,0,0,8,0,0,9,4,5,5,1,5,1,4.3,29
697,672,Tayler Scott,27,SEA,7.2,5,3,1,0,0,0,0,0,,0,0,5,2,40%,4,.451,0,0,3,0,0,3,3,0,3,0,3,0,6.3,32
698,673,Tayler Scott,27,BAL,6.2,6,6,3,0,0,0,0,0,,0,0,2,1,50%,9,.162,0,0,5,0,0,6,1,5,2,1,2,1,3.3,27
699,674,Sam Selman*,28,SFG,5.1,5,5,2,0,0,1,0,1,0%,1,0,2,1,50%,5,.354,1,0,4,1,0,4,2,3,1,0,1,2,3.2,18
700,675,Paul Sewald,29,NYM,15.0,12,12,4,0,1,1,1,0,100%,1,0,4,0,0%,6,.306,1,4,5,3,2,7,3,9,5,3,5,1,3.8,22
701,Rk,Name,Age,Tm,IP,G,GR,GF,Wgr,Lgr,SVOpp,SV,BSv,SV%,SVSit,Hold,IR,IS,IS%,1stIP,aLI,LevHi,LevMd,LevLo,Ahd,Tie,Bhd,Runr,Empt,>3o,<3o,IPmult,0DR,Out/GR,Pit/GR
702,676,Justin Shafer,26,TOR,32.0,27,27,8,1,1,1,1,0,100%,4,3,17,3,18%,7,.823,5,6,15,11,3,13,12,15,13,3,16,2,3.6,21
703,677,Bryan Shaw,31,COL,68.0,64,64,15,2,2,6,0,6,0%,16,9,21,9,43%,7,.982,20,16,27,23,6,35,12,52,14,14,16,17,3.2,17
704,678,Mike Shawaryn,24,BOS,15.1,10,10,3,0,0,0,0,0,,1,1,1,0,0%,8,.633,0,3,7,2,1,7,1,9,7,2,7,1,4.6,35
705,679,Justus Sheffield*,23,SEA,16.1,4,1,0,0,0,0,0,0,,0,0,0,0,,2,1.140,0,1,0,0,1,0,0,1,1,0,1,0,9.0,75
706,680,Chandler Shepherd,26,BAL,7.0,2,2,1,0,0,0,0,0,,0,0,1,0,0%,5,.189,0,0,2,0,0,2,1,1,2,0,2,0,10.5,53
707,681,Jimmie Sherfy,27,ARI,12.1,8,8,3,0,0,2,1,1,50%,2,0,8,0,0%,8,.992,3,2,3,5,2,1,3,5,6,2,6,1,4.6,26
708,682,Chasen Shreve*,28,STL,2.0,3,3,0,1,0,0,0,0,,1,1,1,0,0%,9,1.196,1,1,1,1,1,1,1,2,0,2,1,0,2.0,14
709,683,JB Shuck*,32,PIT,1.0,1,1,1,0,0,0,0,0,,0,0,0,0,,9,.000,0,0,0,0,0,1,0,1,0,0,0,0,3.0,13
710,684,Lucas Sims,25,CIN,34.2,19,16,2,1,0,0,0,0,,3,3,11,4,36%,6,.796,1,7,8,4,1,11,6,10,7,2,7,1,3.8,24
711,685,Tony Sipp*,35,WSN,21.0,36,36,7,1,2,1,0,1,0%,10,9,21,7,33%,7,1.054,11,11,13,13,5,18,15,21,0,26,2,7,1.8,10
712,686,Eric Skoglund*,26,KCR,10.0,3,1,0,0,0,0,0,0,,0,0,0,0,,6,.912,0,0,1,0,0,1,0,1,0,0,0,0,3.0,23
713,687,Aaron Slegers,26,TBR,3.0,1,1,1,0,0,1,1,0,100%,1,0,0,0,,7,.137,0,0,1,1,0,0,0,1,1,0,1,0,9.0,42
714,688,Devin Smeltzer*,23,MIN,40.0,8,4,2,0,0,1,1,0,100%,1,0,0,0,,6,.827,0,2,2,1,1,2,0,4,4,0,4,0,13.0,65
715,689,Burch Smith,29,TOT,15.0,9,9,5,0,1,0,0,0,,0,0,2,1,50%,,.698,1,0,8,2,1,6,1,8,6,1,6,1,5.0,33
716,690,Burch Smith,29,MIL,12.2,7,7,4,0,1,0,0,0,,0,0,0,0,,9,.787,1,0,6,2,1,4,0,7,5,1,5,1,5.4,38
717,691,Burch Smith,29,SFG,2.1,2,2,1,0,0,0,0,0,,0,0,2,1,50%,8,.054,0,0,2,0,0,2,1,1,1,0,1,0,3.5,16
718,692,Joe Smith,35,HOU,19.1,22,22,4,1,0,1,0,1,0%,6,4,10,4,40%,8,.778,6,3,12,15,2,5,6,16,1,5,1,7,2.6,12
719,693,Josh Smith,31,BOS,29.0,16,14,11,0,0,1,1,0,100%,1,0,2,2,100%,9,.511,1,0,11,7,0,7,1,13,6,1,6,3,4.6,28
720,694,Josh Smith*,29,CLE,8.1,8,8,3,0,0,0,0,0,,0,0,2,0,0%,7,.274,0,1,6,1,0,7,1,7,2,3,2,0,3.1,25
721,695,Will Smith*,29,SFG,60.0,58,58,49,5,0,36,32,4,89%,36,0,7,1,14%,9,1.999,40,3,15,45,7,6,4,54,4,2,4,13,3.1,17
722,696,Drew Smyly*,30,TOT,101.2,22,4,1,0,1,1,1,0,100%,1,0,0,0,,,.903,0,2,2,3,0,1,0,4,4,0,4,0,12.0,76
723,697,Drew Smyly*,30,TEX,51.1,13,4,1,0,1,1,1,0,100%,1,0,0,0,,2,.856,0,2,2,3,0,1,0,4,4,0,4,0,12.0,76
724,698,Cy Sneed,26,HOU,18.2,7,7,4,0,1,0,0,0,,0,0,2,1,50%,8,.418,1,2,4,0,1,6,1,6,4,1,4,0,8.0,41
725,699,Chad Sobotka,25,ATL,26.1,28,28,3,0,0,0,0,0,,7,6,17,6,35%,7,.834,4,12,11,13,3,12,10,18,6,10,7,3,2.8,18
726,700,Joakim Soria,35,OAK,64.0,66,65,20,1,4,6,1,5,17%,26,19,7,0,0%,8,1.240,25,12,27,43,9,13,6,59,5,11,6,17,2.9,16
727,Rk,Name,Age,Tm,IP,G,GR,GF,Wgr,Lgr,SVOpp,SV,BSv,SV%,SVSit,Hold,IR,IS,IS%,1stIP,aLI,LevHi,LevMd,LevLo,Ahd,Tie,Bhd,Runr,Empt,>3o,<3o,IPmult,0DR,Out/GR,Pit/GR
728,701,Gregory Soto*,24,DET,51.0,26,19,5,0,2,1,0,1,0%,3,2,6,4,67%,7,.981,4,5,10,5,3,11,3,16,8,2,8,1,4.4,27
729,702,Glenn Sparkman,27,KCR,117.2,27,8,2,0,1,0,0,0,,0,0,6,3,50%,6,.792,1,1,6,1,1,6,4,4,6,0,6,0,6.6,41
730,703,Gabe Speier*,24,KCR,2.0,2,2,0,0,0,0,0,0,,0,0,0,0,,7,.238,0,0,1,0,0,2,0,2,0,0,0,0,3.0,17
731,704,Jeffrey Springs*,26,TEX,28.1,22,22,5,4,1,0,0,0,,1,1,13,2,15%,6,.484,2,7,11,9,2,11,9,13,9,6,10,1,3.9,27
732,705,Locke St. John*,26,TEX,6.2,7,7,4,0,0,0,0,0,,2,2,2,1,50%,8,.199,0,3,4,3,0,4,2,5,1,2,2,1,2.9,21
733,706,Jacob Stallings,29,PIT,1.0,1,1,1,0,0,0,0,0,,0,0,0,0,,9,.000,0,0,0,0,0,1,0,1,0,0,0,0,3.0,7
734,707,Craig Stammen,35,SDP,74.2,69,69,12,8,7,13,4,9,31%,41,28,33,8,24%,8,1.617,39,21,9,43,18,8,19,50,18,12,19,21,3.2,16
735,708,Ryne Stanek,27,TOT,67.0,53,26,9,0,3,5,1,4,20%,9,4,10,7,70%,,1.129,11,4,10,12,3,11,5,21,4,7,4,7,2.8,17
736,709,Ryne Stanek,27,TBR,55.2,41,14,3,0,1,0,0,0,,2,2,7,4,57%,8,.861,4,3,7,5,2,7,3,11,2,4,2,5,2.7,16
737,710,Ryne Stanek,27,MIA,11.1,12,12,6,0,2,5,1,4,20%,7,2,3,3,100%,9,2.164,7,1,3,7,1,4,2,10,2,3,2,2,2.8,19
738,711,Cody Stashak,25,MIN,18.1,12,12,4,0,1,0,0,0,,0,0,5,2,40%,7,.436,2,0,10,4,2,6,3,9,7,3,8,0,4.6,23
739,712,Max Stassi,28,HOU,0.1,1,1,1,0,0,0,0,0,,0,0,2,0,0%,9,.000,0,0,0,0,0,1,1,0,0,1,0,0,1.0,5
740,713,Josh Staumont,25,KCR,16.1,12,12,4,0,0,1,0,1,0%,1,0,3,0,0%,9,.890,2,2,6,1,1,10,2,10,6,2,6,1,4.1,22
741,714,Drew Steckenrider,28,MIA,14.1,15,15,4,0,2,1,0,1,0%,4,3,0,0,,8,.975,7,4,4,5,5,5,0,15,0,2,0,4,2.9,16
742,715,Robert Stephenson,26,CIN,57.2,51,51,15,3,2,2,0,2,0%,10,8,13,3,23%,7,.802,11,17,23,17,8,26,9,42,13,10,15,9,3.4,18
743,716,Brock Stewart,27,TOT,19.2,7,7,1,3,0,0,0,0,,0,0,4,0,0%,,.599,1,2,4,3,2,2,2,5,6,1,6,0,8.4,46
744,717,Brock Stewart,27,LAD,4.0,3,3,1,0,0,0,0,0,,0,0,1,0,0%,7,.084,0,0,3,3,0,0,1,2,2,1,2,0,4.0,29
745,718,Brock Stewart,27,TOR,15.2,4,4,0,3,0,0,0,0,,0,0,3,0,0%,2,.765,1,2,1,0,2,2,1,3,4,0,4,0,11.8,59
746,719,Kohl Stewart,24,MIN,22.1,7,5,5,1,1,0,0,0,,0,0,0,0,,10,.717,1,1,3,1,1,3,0,5,3,0,3,0,6.2,28
747,720,Robert Stock,29,SDP,10.2,10,10,4,1,0,1,0,1,0%,2,0,8,2,25%,6,.789,4,2,3,5,2,3,6,4,5,2,6,3,3.2,23
748,721,Matt Strahm*,27,SDP,107.0,37,21,2,2,1,1,0,1,0%,5,4,10,1,10%,8,.944,7,8,6,8,3,10,7,14,8,2,8,4,3.6,18
749,722,Dan Straily,30,BAL,47.2,14,6,2,1,0,0,0,0,,0,0,4,4,100%,7,.738,0,2,4,1,0,5,3,3,6,0,6,0,7.2,47
750,723,Chris Stratton,28,TOT,71.1,30,25,7,1,1,0,0,0,,0,0,9,3,33%,,.637,2,3,19,3,2,20,5,20,16,3,16,3,5.8,33
751,724,Chris Stratton,28,LAA,29.1,7,2,0,0,0,0,0,0,,0,0,4,0,0%,4,.785,0,0,2,0,0,2,2,0,2,0,2,0,9.5,72
752,725,Chris Stratton,28,PIT,42.0,23,23,7,1,1,0,0,0,,0,0,5,3,60%,7,.518,2,3,17,3,2,18,3,20,14,3,14,3,5.5,29
753,Rk,Name,Age,Tm,IP,G,GR,GF,Wgr,Lgr,SVOpp,SV,BSv,SV%,SVSit,Hold,IR,IS,IS%,1stIP,aLI,LevHi,LevMd,LevLo,Ahd,Tie,Bhd,Runr,Empt,>3o,<3o,IPmult,0DR,Out/GR,Pit/GR
754,726,Hunter Strickland,30,TOT,17.2,19,19,3,2,1,3,2,1,67%,11,7,3,2,67%,,1.456,9,7,3,12,2,5,3,16,1,4,1,5,2.8,14
755,727,Hunter Strickland,30,SEA,3.1,4,4,2,0,1,3,2,1,67%,3,0,0,0,,9,2.078,3,1,0,3,0,1,0,4,0,1,0,1,2.5,11
756,728,Hunter Strickland,30,WSN,14.1,15,15,1,2,0,0,0,0,,8,7,3,2,67%,7,1.321,6,6,3,9,2,4,3,12,1,3,1,4,2.9,14
757,729,Ross Stripling,29,LAD,81.2,28,15,3,2,1,0,0,0,,3,3,0,0,,7,.871,5,2,7,8,3,4,0,15,4,2,4,2,3.5,22
758,730,Pedro Strop,34,CHC,35.0,42,42,24,2,5,16,10,6,63%,22,5,11,5,45%,9,1.303,17,8,15,29,4,9,6,36,1,13,1,5,2.5,14
759,731,Daniel Stumpf*,28,DET,28.0,45,45,5,1,1,2,0,2,0%,11,5,31,8,26%,7,1.028,14,11,17,14,7,24,18,27,1,27,2,10,1.9,11
760,732,Andrew Suarez*,26,SFG,24.1,13,11,3,0,0,0,0,0,,1,1,8,3,38%,7,.661,0,5,6,3,0,8,5,6,6,3,8,1,3.9,22
761,733,Jose Suarez*,21,LAA,68.1,15,2,0,0,0,0,0,0,,0,0,1,0,0%,2,.890,0,2,0,1,0,1,1,1,2,0,2,0,14.0,80
762,734,Ranger Suarez*,23,PHI,41.0,30,30,6,5,1,2,0,2,0%,6,4,16,5,31%,6,.712,8,6,16,8,6,16,9,21,14,5,15,4,4.1,22
763,735,Jesus Sucre,31,BAL,1.0,1,1,1,0,0,0,0,0,,0,0,0,0,,9,.000,0,0,0,0,0,1,0,1,0,0,0,0,3.0,9
764,736,Wander Suero,27,WSN,65.0,69,69,9,5,7,5,1,4,20%,23,16,18,4,22%,8,1.214,25,20,23,37,12,20,10,59,9,19,10,22,2.8,16
765,737,Cole Sulser,29,TBR,2.0,2,2,0,0,0,0,0,0,,0,0,0,0,,8,.278,0,0,2,2,0,0,0,2,0,0,1,0,3.0,22
766,738,Brent Suter*,29,MIL,6.1,3,3,0,1,0,0,0,0,,0,0,0,0,,6,.786,0,2,1,2,1,0,0,3,3,0,3,0,6.3,29
767,739,Erik Swanson,25,SEA,51.0,20,12,4,0,0,0,0,0,,0,0,4,2,50%,7,.509,0,1,11,2,0,10,3,9,6,0,6,1,4.4,26
768,740,Anthony Swarzak,33,TOT,46.1,51,51,8,3,4,7,4,3,57%,23,16,23,7,30%,,1.315,24,9,17,32,8,11,15,36,7,14,7,9,2.7,16
769,741,Anthony Swarzak,33,SEA,13.2,15,15,7,2,2,6,3,3,50%,6,0,4,1,25%,9,1.484,7,1,6,7,2,6,3,12,1,4,1,2,2.7,17
770,742,Anthony Swarzak,33,ATL,32.2,36,36,1,1,2,1,1,0,100%,17,16,19,6,32%,8,1.236,17,8,11,25,6,5,12,24,6,10,6,7,2.7,15
771,743,Stephen Tarpley*,26,NYY,19.2,16,15,3,0,0,2,2,0,100%,4,2,7,5,71%,7,.614,3,3,9,6,1,8,5,10,5,3,6,2,3.7,26
772,744,Dillon Tate,25,BAL,13.0,8,8,3,0,1,0,0,0,,1,1,3,0,0%,7,.593,1,2,5,1,1,6,2,6,4,2,4,0,4.9,28
773,745,Josh Taylor*,26,BOS,43.1,45,44,8,1,1,2,0,2,0%,9,6,21,5,24%,8,.933,11,11,21,21,3,20,13,31,7,14,9,10,2.9,17
774,746,Ryan Tepera,31,TOR,13.2,15,15,4,0,2,0,0,0,,2,2,3,2,67%,8,1.275,5,4,5,3,6,6,2,13,1,4,1,0,2.7,16
775,747,Tyler Thornburg,30,BOS,18.2,16,16,4,0,0,0,0,0,,0,0,1,0,0%,7,.222,0,1,13,6,0,10,1,15,4,1,4,3,3.5,24
776,748,Lewis Thorpe*,23,MIN,18.2,8,7,3,2,1,1,0,1,0%,2,0,1,0,0%,8,1.018,1,3,3,5,1,1,1,6,5,0,6,0,5.9,34
777,749,Jesus Tinoco,24,COL,29.2,18,18,2,0,2,0,0,0,,1,1,18,11,61%,5,.382,2,6,10,5,2,11,9,9,11,5,12,3,4.9,28
778,750,Josh Tomlin,34,ATL,72.1,46,46,19,2,1,4,2,2,50%,11,7,25,3,12%,8,.731,8,11,26,23,2,21,13,33,24,6,25,4,4.7,22
779,Rk,Name,Age,Tm,IP,G,GR,GF,Wgr,Lgr,SVOpp,SV,BSv,SV%,SVSit,Hold,IR,IS,IS%,1stIP,aLI,LevHi,LevMd,LevLo,Ahd,Tie,Bhd,Runr,Empt,>3o,<3o,IPmult,0DR,Out/GR,Pit/GR
780,751,Carlos Torres,36,DET,6.0,4,4,1,0,0,0,0,0,,0,0,0,0,,9,.057,0,0,3,0,0,4,0,4,2,0,2,1,4.5,29
781,752,Touki Toussaint,23,ATL,41.2,24,23,3,4,0,1,0,1,0%,3,2,13,5,38%,7,.821,7,6,9,7,6,10,8,15,13,4,13,0,5.3,31
782,753,Blake Treinen,31,OAK,57.1,55,55,34,6,5,21,16,5,76%,23,2,14,5,36%,9,1.848,30,9,15,32,14,9,8,47,12,9,12,11,3.1,18
783,754,Lou Trivino,27,OAK,59.0,60,60,10,4,6,5,0,5,0%,22,16,31,11,35%,8,1.498,26,10,22,36,11,13,20,40,11,16,14,15,3.0,16
784,755,Nick Tropeano,28,LAA,13.2,3,2,0,0,0,0,0,0,,0,0,0,0,,6,.555,0,1,1,1,0,1,0,2,2,0,2,0,13.0,85
785,756,Sam Tuivailala,26,SEA,17.0,17,15,3,1,0,1,0,1,0%,7,6,4,2,50%,8,.947,6,5,4,9,4,2,3,12,1,1,1,0,3.0,15
786,757,Duane Underwood Jr.,24,CHC,5.2,6,6,0,0,0,0,0,0,,0,0,2,1,50%,8,.343,0,0,5,2,0,4,2,4,1,4,1,0,2.8,18
787,758,Jose Urena,27,MIA,77.2,17,4,4,0,1,2,1,1,50%,2,0,0,0,,9,.954,2,0,2,2,0,2,0,4,0,1,0,1,2.3,14
788,759,Richard Urena,23,TOR,1.0,1,1,1,0,0,0,0,0,,0,0,0,0,,8,.000,0,0,0,0,0,1,0,1,0,0,0,0,3.0,28
789,760,Julio Urias*,22,LAD,72.2,29,21,6,3,2,5,4,1,80%,8,3,2,1,50%,7,1.048,6,9,6,11,4,6,2,19,16,1,16,0,6.0,33
790,761,Jose Urquidy,24,HOU,27.0,6,1,0,0,0,0,0,0,,0,0,0,0,,4,.970,0,0,1,0,0,1,0,1,1,0,1,0,12.0,61
791,762,Framber Valdez*,25,HOU,65.2,23,15,5,2,3,0,0,0,,0,0,4,1,25%,9,.855,0,5,8,6,2,7,3,12,9,0,9,1,6.0,32
792,763,Phillips Valdez,27,TEX,16.0,11,11,2,0,0,0,0,0,,0,0,1,1,100%,8,.398,0,2,8,1,1,9,1,10,5,3,5,3,4.4,27
793,764,Jason Vargas*,36,TOT,132.2,26,1,1,0,0,0,0,0,,0,0,0,0,,,.995,0,0,1,0,0,1,0,1,0,0,0,0,3.0,24
794,765,Jason Vargas*,36,NYM,94.1,19,1,1,0,0,0,0,0,,0,0,0,0,,9,.936,0,0,1,0,0,1,0,1,0,0,0,0,3.0,24
795,766,Andrew Vasquez*,25,MIN,0.0,1,1,0,0,0,0,0,0,,0,0,3,3,100%,5,3.600,1,0,0,1,0,0,1,0,0,1,0,0,0.0,13
796,767,Felipe Vazquez*,27,PIT,58.0,54,54,45,5,1,29,26,3,90%,29,0,16,2,13%,9,1.689,29,9,16,38,9,7,11,43,12,4,12,12,3.2,17
797,768,Vince Velasquez,27,PHI,103.2,30,10,2,1,1,0,0,0,,2,2,6,2,33%,7,.978,3,3,4,3,3,4,3,7,3,3,3,1,3.1,20
798,769,Hector Velazquez,30,BOS,50.2,29,21,10,0,1,1,0,1,0%,2,1,7,4,57%,9,.776,3,2,12,9,1,11,3,18,6,2,6,4,4.1,22
799,770,Pat Venditte#,34,SFG,3.1,2,2,0,0,0,0,0,0,,0,0,0,0,,6,.183,0,0,2,0,0,2,0,2,2,0,2,0,5.0,32
800,771,Jonny Venters*,34,TOT,8.0,12,12,3,0,1,2,1,1,50%,4,2,7,0,0%,,1.118,5,1,5,6,2,4,5,7,1,9,1,2,2.0,16
801,772,Jonny Venters*,34,ATL,4.2,9,9,2,0,0,2,1,1,50%,3,1,4,0,0%,9,.574,2,1,5,5,0,4,3,6,0,8,0,1,1.6,15
802,773,Jonny Venters*,34,WSN,3.1,3,3,1,0,1,0,0,0,,1,1,3,0,0%,11,2.054,3,0,0,1,2,0,2,1,1,1,1,1,3.3,21
803,774,Drew VerHagen,28,DET,48.1,19,15,3,2,0,0,0,0,,1,1,10,4,40%,4,.866,3,5,7,3,1,11,5,10,5,6,5,2,5.7,30
804,775,Thyago Vieira,25,CHW,7.0,6,6,2,1,0,0,0,0,,0,0,1,0,0%,8,.188,0,1,5,1,0,5,1,5,3,2,4,1,3.5,28
805,Rk,Name,Age,Tm,IP,G,GR,GF,Wgr,Lgr,SVOpp,SV,BSv,SV%,SVSit,Hold,IR,IS,IS%,1stIP,aLI,LevHi,LevMd,LevLo,Ahd,Tie,Bhd,Runr,Empt,>3o,<3o,IPmult,0DR,Out/GR,Pit/GR
806,776,Nick Vincent,32,TOT,33.2,23,22,7,1,2,0,0,0,,1,1,16,6,38%,,.600,3,5,13,3,4,15,8,14,11,2,12,2,4.5,26
807,777,Nick Vincent,32,SFG,30.2,18,17,4,0,1,0,0,0,,0,0,14,5,36%,7,.503,1,3,12,0,2,15,7,10,11,0,12,0,5.2,30
808,778,Nick Vincent,32,PHI,3.0,5,5,3,1,1,0,0,0,,1,1,2,1,50%,9,1.436,2,2,1,3,2,0,1,4,0,2,0,2,1.8,12
809,779,Arodys Vizcaino,28,ATL,4.0,4,4,4,1,0,2,1,1,50%,2,0,0,0,,9,1.218,2,0,2,4,0,0,0,4,0,0,0,0,3.0,17
810,780,Edinson Volquez,35,TEX,10.2,5,2,1,0,0,0,0,0,,0,0,0,0,,9,.804,0,0,2,1,0,1,0,2,0,0,0,0,3.0,14
811,781,Austin Voth,27,WSN,27.0,6,1,0,0,0,0,0,0,,0,0,1,1,100%,4,.952,0,0,1,0,0,1,1,0,1,0,1,0,7.0,34
812,782,Michael Wacha,27,STL,112.0,25,5,0,1,0,0,0,0,,0,0,6,5,83%,4,.848,1,2,2,1,0,4,3,2,4,0,5,0,7.6,44
813,783,Jacob Waguespack,25,TOR,63.1,13,3,0,1,0,0,0,0,,0,0,0,0,,4,.963,0,3,0,0,2,1,0,3,3,0,3,0,12.7,75
814,784,Marcus Walden,30,BOS,72.0,63,63,7,9,2,5,2,3,40%,13,8,35,10,29%,7,1.181,15,23,24,26,11,26,19,44,19,15,21,11,3.4,18
815,785,Jeremy Walker,24,ATL,7.2,5,5,3,0,0,0,0,0,,0,0,2,0,0%,9,.051,0,0,5,2,0,3,1,4,2,0,2,1,4.6,28
816,786,Jared Walsh*,25,LAA,4.1,4,4,4,0,0,0,0,0,,0,0,1,0,0%,9,.001,0,0,0,1,0,3,1,3,1,0,1,0,3.3,20
817,787,Wei-Chung Wang*,27,TOT,29.2,23,23,6,3,0,0,0,0,,1,0,20,5,25%,,.482,3,4,14,4,0,19,12,11,10,8,10,3,3.9,21
818,788,Wei-Chung Wang*,27,OAK,27.0,20,20,5,1,0,0,0,0,,1,0,19,5,26%,8,.469,3,4,11,4,0,16,11,9,10,7,10,3,4.1,22
819,789,Wei-Chung Wang*,27,PIT,2.2,3,3,1,2,0,0,0,0,,0,0,1,0,0%,7,.626,0,0,3,0,0,3,1,2,0,1,0,0,2.7,13
820,790,Adam Warren,31,SDP,28.2,25,25,9,4,1,0,0,0,,3,3,12,3,25%,6,.853,7,4,13,5,5,15,5,20,8,7,11,4,3.4,22
821,791,Tony Watson*,34,SFG,54.0,60,60,4,2,2,3,0,3,0%,28,25,16,6,38%,8,1.589,32,15,13,36,14,10,8,52,0,12,2,11,2.7,14
822,792,Jacob Webb,25,ATL,32.1,36,36,12,4,0,4,2,2,50%,13,9,18,5,28%,8,.978,11,12,12,18,5,13,12,24,5,14,5,7,2.7,15
823,793,Tyler Webb*,28,STL,47.0,55,55,11,1,1,1,1,0,100%,7,5,23,10,43%,8,.591,8,11,34,13,4,38,16,39,14,27,17,14,2.6,14
824,794,Ryan Weber,28,BOS,35.1,14,11,7,1,2,0,0,0,,1,0,4,2,50%,5,.659,1,2,7,3,2,6,2,9,7,1,7,2,6.5,33
825,795,Allen Webster,29,CHC,11.0,12,12,6,0,0,1,1,0,100%,1,0,11,3,27%,8,.346,2,3,7,5,1,6,6,6,3,4,3,3,2.8,14
826,796,J.B. Wendelken,26,OAK,27.2,23,23,3,1,1,1,0,1,0%,2,1,12,2,17%,7,.905,8,5,10,8,5,10,6,17,7,4,7,3,3.6,20
827,797,Tyler White,28,HOU,3.1,4,4,3,0,0,0,0,0,,0,0,0,0,,9,.002,0,0,1,0,0,4,0,4,0,2,0,0,2.5,22
828,798,Rowan Wick,26,CHC,26.0,25,25,6,2,0,2,2,0,100%,6,4,14,2,14%,7,1.086,8,10,7,9,5,11,10,15,6,6,8,7,3.1,17
829,799,Brad Wieck*,27,TOT,28.0,34,34,4,0,1,2,0,2,0%,10,8,24,11,46%,,1.083,14,7,12,20,3,11,12,22,4,14,6,7,2.5,15
830,800,Brad Wieck*,27,SDP,24.2,30,30,3,0,1,2,0,2,0%,10,8,20,11,55%,7,1.141,13,7,9,17,3,10,10,20,3,12,5,6,2.5,15
831,Rk,Name,Age,Tm,IP,G,GR,GF,Wgr,Lgr,SVOpp,SV,BSv,SV%,SVSit,Hold,IR,IS,IS%,1stIP,aLI,LevHi,LevMd,LevLo,Ahd,Tie,Bhd,Runr,Empt,>3o,<3o,IPmult,0DR,Out/GR,Pit/GR
832,801,Brad Wieck*,27,CHC,3.1,4,4,1,0,0,0,0,0,,0,0,4,0,0%,6,.498,1,0,3,3,0,1,2,2,1,2,1,1,2.5,13
833,802,Aaron Wilkerson,30,MIL,16.0,8,8,5,0,0,0,0,0,,0,0,10,3,30%,8,.260,1,0,7,0,0,8,5,3,5,1,5,1,6.0,42
834,803,Stevie Wilkerson,27,BAL,5.1,4,4,4,0,0,1,1,0,100%,1,0,0,0,,8,.176,1,0,0,1,0,3,0,4,2,0,2,0,4.0,16
835,804,Austen Williams,26,WSN,0.1,2,2,0,0,0,0,0,0,,0,0,0,0,,8,.270,0,0,2,1,0,1,0,2,0,2,1,1,0.5,15
836,805,Devin Williams,24,MIL,9.0,8,8,1,0,0,0,0,0,,0,0,0,0,,9,.313,0,1,7,2,0,6,0,8,2,1,2,0,3.4,24
837,806,Taylor Williams,27,MIL,11.2,8,8,3,1,1,0,0,0,,0,0,3,3,100%,9,.764,1,2,5,1,2,5,1,7,3,2,3,1,4.4,27
838,807,Alex Wilson,32,MIL,11.1,13,13,4,1,1,1,1,0,100%,3,2,2,1,50%,8,1.262,3,3,7,6,3,4,2,11,2,5,2,3,2.6,16
839,808,Bryse Wilson,21,ATL,20.0,6,2,1,0,0,0,0,0,,0,0,0,0,,9,.918,0,0,2,1,0,1,0,2,1,0,1,0,3.5,18
840,809,Justin Wilson*,31,NYM,32.2,38,38,6,4,1,1,1,0,100%,12,9,13,5,38%,7,1.536,17,11,10,18,11,9,8,30,2,12,2,6,2.6,14
841,810,Trey Wingenter,25,SDP,46.1,47,46,7,1,3,4,1,3,25%,19,15,11,5,45%,7,1.228,20,11,15,25,9,12,5,41,5,10,5,8,2.9,17
842,811,Dan Winkler,29,ATL,21.2,27,27,4,3,1,1,0,1,0%,8,6,18,4,22%,7,1.101,13,3,11,12,4,11,9,18,1,11,1,6,2.4,13
843,812,Matt Wisler,26,TOT,48.2,41,33,6,3,4,3,0,3,0%,11,8,21,10,48%,,.945,8,11,14,12,3,18,12,21,11,11,11,5,3.5,22
844,813,Matt Wisler,26,SDP,29.0,21,21,5,2,2,2,0,2,0%,6,4,17,8,47%,6,.918,4,7,10,7,2,12,9,12,10,6,10,4,4.1,25
845,814,Matt Wisler,26,SEA,19.2,20,12,1,1,2,1,0,1,0%,5,4,4,2,50%,7,.987,4,4,4,5,1,6,3,9,1,5,1,1,2.4,16
846,815,Nick Wittgren,28,CLE,53.1,50,50,13,4,1,6,4,2,67%,18,11,24,2,8%,8,1.154,21,12,17,27,8,15,14,36,16,9,16,6,3.2,18
847,816,Asher Wojciechowski,30,BAL,67.0,14,1,0,0,0,0,0,0,,0,0,2,2,100%,7,.824,0,0,0,0,0,1,1,0,0,1,0,0,2.0,16
848,817,Hunter Wood,25,TOT,40.2,32,30,9,1,0,1,1,0,100%,3,2,21,9,43%,,.656,3,7,20,12,2,16,9,21,10,7,12,2,3.7,20
849,818,Hunter Wood,25,TBR,29.0,19,17,4,1,0,1,1,0,100%,2,1,11,1,9%,8,.761,3,2,12,6,2,9,5,12,8,2,9,1,4.4,23
850,819,Hunter Wood,25,CLE,11.2,13,13,5,0,0,0,0,0,,1,1,10,8,80%,8,.434,0,5,8,6,0,7,4,9,2,5,3,1,2.7,17
851,820,Brandon Workman,30,BOS,63.0,64,64,23,9,1,17,11,6,65%,32,15,18,2,11%,9,1.877,31,17,16,41,13,10,12,52,7,9,7,15,3.0,17
852,821,Matt Wotherspoon,27,BAL,4.2,2,2,1,0,0,0,0,0,,0,0,3,3,100%,7,.284,1,0,1,0,0,2,1,1,2,0,2,0,7.0,52
853,822,Mike Wright,29,TOT,29.1,19,19,9,0,1,2,1,1,50%,2,0,11,5,45%,,.232,1,1,16,5,0,14,7,12,12,3,13,1,4.6,30
854,823,Mike Wright,29,BAL,13.1,10,10,4,0,1,2,1,1,50%,2,0,8,5,63%,8,.396,1,1,8,3,0,7,5,5,5,3,6,1,4.0,26
855,824,Mike Wright,29,SEA,16.0,9,9,5,0,0,0,0,0,,0,0,3,0,0%,7,.098,0,0,8,2,0,7,2,7,7,0,7,0,5.3,35
856,825,Steven Wright,34,BOS,6.1,6,6,3,0,1,0,0,0,,0,0,0,0,,9,.588,0,1,5,1,1,4,0,6,1,1,1,1,3.2,22
857,Rk,Name,Age,Tm,IP,G,GR,GF,Wgr,Lgr,SVOpp,SV,BSv,SV%,SVSit,Hold,IR,IS,IS%,1stIP,aLI,LevHi,LevMd,LevLo,Ahd,Tie,Bhd,Runr,Empt,>3o,<3o,IPmult,0DR,Out/GR,Pit/GR
858,826,Jimmy Yacabonis,27,BAL,41.0,29,25,6,1,1,0,0,0,,3,3,13,5,38%,8,.670,3,9,12,7,3,15,7,18,11,6,13,4,4.0,25
859,827,Ryan Yarbrough*,27,TBR,121.1,24,14,1,8,1,1,0,1,0%,1,0,4,3,75%,3,.888,1,10,3,7,5,2,3,11,14,0,14,0,12.0,59
860,828,Eric Yardley,28,SDP,3.2,3,3,0,0,1,0,0,0,,0,0,3,3,100%,6,.424,0,1,2,1,0,2,2,1,1,2,1,0,3.7,21
861,829,Kirby Yates,32,SDP,57.2,57,57,50,0,5,43,40,3,93%,43,0,11,2,18%,9,2.340,43,8,6,47,8,2,7,50,3,3,4,18,3.0,17
862,830,Gabriel Ynoa,26,BAL,96.1,33,23,3,1,1,0,0,0,,1,0,14,4,29%,6,.777,4,6,13,3,1,19,8,15,16,2,17,4,6.0,34
863,831,Huascar Ynoa,21,ATL,3.0,2,2,1,0,0,0,0,0,,0,0,0,0,,8,.052,0,0,1,1,0,1,0,2,1,0,1,0,4.5,33
864,832,Alex Young*,25,ARI,66.2,13,1,0,0,0,0,0,0,,0,0,1,0,0%,4,.948,0,1,0,0,1,0,1,0,1,0,1,0,7.0,26
865,833,Daniel Zamora*,26,NYM,7.2,15,15,3,0,1,0,0,0,,1,0,14,6,43%,8,.958,6,2,6,2,5,8,8,7,0,10,0,3,1.5,9
866,834,T.J. Zeuch,23,TOR,4.0,1,1,0,0,0,0,0,0,,0,0,0,0,,2,.677,0,0,1,0,0,1,0,1,1,0,1,0,12.0,73
867,835,Kyle Zimmer,27,KCR,14.0,11,11,1,0,1,0,0,0,,0,0,2,2,100%,7,.424,2,1,8,0,3,8,1,10,6,2,6,0,3.8,32
868,4.84,4314,14256,4272,851,731,1660,1040,620,63%,3948,2154,6215,1983,32%,,.963,4553,3262,5995,6400,2103,5753,3739,10517,3548,3690,4004,2620,3.3,19,,,,
